date	race	name	party	chamber	special	incumbent	prob	voteshare	min_share	max_share
2018-09-25	VA-04	A. Donald McEachin	D	house	FALSE	TRUE	0.9994	0.6321	0.5791	0.6842
2018-09-25	GA-03	A. Drew Ferguson	R	house	FALSE	TRUE	0.9998	0.6757	0.6266	0.7254
2018-09-25	LA-03	Aaron Andrus	L	house	FALSE	FALSE	2e-4	0.0254	0.0071	0.0486
2018-09-25	ID-02	Aaron Swisher	D	house	FALSE	FALSE	0.002	0.3635	0.3088	0.4175
2018-09-25	IA-01	Abby Finkenauer	D	house	FALSE	FALSE	0.9707	0.5536	0.5065	0.6002
2018-09-25	VA-07	Abigail Spanberger	D	house	FALSE	FALSE	0.3522	0.4743	0.4313	0.5172
2018-09-25	IL-16	Adam Kinzinger	R	house	FALSE	TRUE	0.9835	0.5901	0.5384	0.642
2018-09-25	CA-28	Adam Schiff	D	house	FALSE	TRUE	1	0.8116	0.7665	0.8571
2018-09-25	WA-09	Adam Smith	D	house	FALSE	TRUE	0.9818	0.6131	0.5438	0.6828
2018-09-25	NE-03	Adrian Smith	R	house	FALSE	TRUE	1	0.7158	0.6638	0.7682
2018-09-25	NY-13	Adriano Espaillat	D	house	FALSE	TRUE	1	0.9248	0.8904	0.9594
2018-09-25	TX-14	Adrienne Bell	D	house	FALSE	FALSE	0.0126	0.3897	0.3354	0.4431
2018-09-25	OH-01	Aftab Pureval	D	house	FALSE	FALSE	0.5744	0.4921	0.4457	0.5383
2018-09-25	NJ-10	Agha Khan	R	house	FALSE	FALSE	0	0.1268	0.0772	0.1759
2018-09-25	CA-44	Aja L. Brown	D	house	FALSE	FALSE	0	0.2736	0.2185	0.3282
2018-09-25	CA-41	Aja Smith	R	house	FALSE	FALSE	2e-4	0.3273	0.2748	0.3806
2018-09-25	TX-09	Al Green	D	house	FALSE	TRUE	1	0.8493	0.778	0.9148
2018-09-25	FL-05	Al Lawson	D	house	FALSE	TRUE	1	0.697	0.647	0.7463
2018-09-25	KS-01	Alan LaPolice	D	house	FALSE	FALSE	0	0.2865	0.2369	0.3366
2018-09-25	CA-47	Alan Lowenthal	D	house	FALSE	TRUE	0.9999	0.673	0.622	0.7234
2018-09-25	NJ-08	Albio Sires	D	house	FALSE	TRUE	1	0.767	0.7129	0.8208
2018-09-25	FL-20	Alcee L. Hastings	D	house	FALSE	TRUE	1	1	1	1
2018-09-25	WV-02	Alex Mooney	R	house	FALSE	TRUE	0.9472	0.5417	0.4874	0.5953
2018-09-25	NY-14	Alexandria Ocasio-Cortez	D	house	FALSE	FALSE	1	0.7925	0.741	0.8431
2018-09-25	NC-12	Alma Adams	D	house	FALSE	TRUE	1	0.706	0.6566	0.7558
2018-09-25	AK-01	Alyse S. Galvin	D	house	FALSE	FALSE	0.2737	0.4427	0.3825	0.502
2018-09-25	NY-04	Ameer Benno	R	house	FALSE	FALSE	9e-4	0.3479	0.2944	0.4013
2018-09-25	CA-07	Ami Bera	D	house	FALSE	TRUE	0.9902	0.584	0.5404	0.6277
2018-09-25	MD-06	Amie Hoeber	R	house	FALSE	FALSE	0.0066	0.3749	0.3221	0.4279
2018-09-25	CA-50	Ammar Campa-Najjar	D	house	FALSE	FALSE	0.1617	0.4684	0.4261	0.5101
2018-09-25	KY-06	Amy McGrath	D	house	FALSE	FALSE	0.4175	0.4783	0.4352	0.5211
2018-09-25	LA-06	Andie Saizan	D	house	FALSE	FALSE	0	0.1315	0.0745	0.1885
2018-09-25	IN-07	André Carson	D	house	FALSE	TRUE	0.9999	0.6846	0.6345	0.7343
2018-09-25	CA-07	Andrew Grant	R	house	FALSE	FALSE	0.0098	0.416	0.3723	0.4596
2018-09-25	CA-22	Andrew Janz	D	house	FALSE	FALSE	0.0525	0.441	0.394	0.4874
2018-09-25	KY-06	Andy Barr	R	house	FALSE	TRUE	0.5825	0.4914	0.4484	0.5344
2018-09-25	AZ-05	Andy Biggs	R	house	FALSE	TRUE	0.9984	0.6352	0.5826	0.6875
2018-09-25	MD-01	Andy Harris	R	house	FALSE	TRUE	0.9922	0.5916	0.5368	0.6464
2018-09-25	NJ-03	Andy Kim	D	house	FALSE	FALSE	0.6799	0.5049	0.4557	0.5536
2018-09-25	MI-09	Andy Levin	D	house	FALSE	FALSE	0.9944	0.592	0.5379	0.6455
2018-09-25	CT-03	Angel Cadena	R	house	FALSE	FALSE	1e-4	0.3017	0.2519	0.3514
2018-09-25	FL-12	Angelika Purkis	NPA	house	FALSE	FALSE	0	0.0287	0.0085	0.0541
2018-09-25	MN-02	Angie Craig	D	house	FALSE	FALSE	0.7539	0.5227	0.4797	0.5659
2018-09-25	AZ-06	Anita Malik	D	house	FALSE	FALSE	0.172	0.4623	0.4103	0.5142
2018-09-25	AZ-02	Ann Kirkpatrick	D	house	FALSE	FALSE	0.9304	0.5581	0.5084	0.6081
2018-09-25	NH-02	Ann Kuster	D	house	FALSE	TRUE	0.9887	0.5812	0.5261	0.636
2018-09-25	MO-02	Ann Wagner	R	house	FALSE	TRUE	0.8789	0.5235	0.4766	0.57
2018-09-25	CA-18	Anna G. Eshoo	D	house	FALSE	TRUE	1	0.7794	0.7254	0.8338
2018-09-25	NY-22	Anthony Brindisi	D	house	FALSE	FALSE	0.6694	0.5144	0.4705	0.5582
2018-09-25	MD-04	Anthony Brown	D	house	FALSE	TRUE	1	0.7754	0.7245	0.8267
2018-09-25	TX-15	Anthony Cristo	L	house	FALSE	FALSE	0	0.028	0.0081	0.0532
2018-09-25	VA-09	Anthony Flaccavento	D	house	FALSE	FALSE	0.0068	0.3881	0.3337	0.4426
2018-09-25	OH-16	Anthony Gonzalez	R	house	FALSE	FALSE	0.9512	0.5681	0.5165	0.6195
2018-09-25	CA-05	Anthony Mills	I	house	FALSE	FALSE	2e-4	0.1969	0.1258	0.2723
2018-09-25	NY-14	Anthony Pappas	R	house	FALSE	FALSE	0	0.1703	0.1189	0.221
2018-09-25	NY-19	Antonio Delgado	D	house	FALSE	FALSE	0.5148	0.4847	0.438	0.5308
2018-09-25	CA-26	Antonio Sabato Jr.	R	house	FALSE	FALSE	4e-4	0.3313	0.2781	0.3845
2018-09-25	VT-01	Anya Tynio	R	house	FALSE	FALSE	0	0.1836	0.13	0.2368
2018-09-25	FL-17	April Freeman	D	house	FALSE	FALSE	0.0024	0.3721	0.3191	0.4256
2018-09-25	SC-05	Archie Parnell	D	house	FALSE	FALSE	0.0221	0.4044	0.353	0.4556
2018-09-25	OR-04	Arthur B. Robinson	R	house	FALSE	FALSE	0.0062	0.3727	0.3193	0.4252
2018-09-25	IL-03	Arthur J. Jones	R	house	FALSE	FALSE	1e-4	0.3194	0.2699	0.369
2018-09-25	TX-28	Arthur Thomas IV	L	house	FALSE	FALSE	3e-4	0.1926	0.122	0.2673
2018-09-25	CA-01	Audrey Denney	D	house	FALSE	FALSE	0.1623	0.4598	0.4066	0.5126
2018-09-25	GA-08	Austin Scott	R	house	FALSE	TRUE	1	1	1	1
2018-09-25	TX-18	Ava Reynero Pate	R	house	FALSE	FALSE	0	0.2112	0.155	0.2665
2018-09-25	MA-07	Ayanna Pressley	D	house	FALSE	FALSE	1	1	1	1
2018-09-25	VA-10	Barbara Comstock	R	house	FALSE	TRUE	0.2183	0.4718	0.4251	0.5187
2018-09-25	NC-04	Barbara Howe	L	house	FALSE	FALSE	0	0.0287	0.0084	0.0541
2018-09-25	CA-13	Barbara Lee	D	house	FALSE	TRUE	1	0.9	0.8402	0.9528
2018-09-25	GA-11	Barry Loudermilk	R	house	FALSE	TRUE	0.9994	0.6557	0.6054	0.7065
2018-09-25	WI-08	Beau Liegeois	D	house	FALSE	FALSE	0.0057	0.3886	0.3369	0.4398
2018-09-25	VA-06	Ben Cline	R	house	FALSE	FALSE	0.9966	0.6181	0.5683	0.6686
2018-09-25	UT-04	Ben McAdams	D	house	FALSE	FALSE	0.1769	0.4678	0.4232	0.5126
2018-09-25	TX-16	Ben Mendoza	I	house	FALSE	FALSE	0	0.0349	0.0112	0.0641
2018-09-25	NM-03	Ben R. Lujan	D	house	FALSE	TRUE	0.9998	0.6366	0.5904	0.6825
2018-09-25	CA-29	Benito Benny Bernal	R	house	FALSE	FALSE	0	0.1964	0.1421	0.2509
2018-09-25	MO-07	Benjamin Brixey	L	house	FALSE	FALSE	0	0.0339	0.0108	0.0627
2018-09-25	MS-02	Bennie G. Thompson	D	house	FALSE	TRUE	1	0.7541	0.7019	0.8065
2018-09-25	IL-13	Betsy Dirksen Londrigan	D	house	FALSE	FALSE	0.3186	0.4843	0.4405	0.5282
2018-09-25	OH-14	Betsy Rader	D	house	FALSE	FALSE	0.1755	0.4641	0.4138	0.5139
2018-09-25	MN-04	Betty McCollum	D	house	FALSE	TRUE	0.9999	0.6703	0.6162	0.7245
2018-09-25	OH-11	Beverly A. Goldstein	R	house	FALSE	FALSE	0	0.1946	0.145	0.2447
2018-09-25	PA-14	Bibiana Boerio	D	house	FALSE	FALSE	0.0115	0.4003	0.3478	0.4523
2018-09-25	TX-17	Bill Flores	R	house	FALSE	TRUE	0.9956	0.5989	0.5467	0.6517
2018-09-25	IL-11	Bill Foster	D	house	FALSE	TRUE	0.9997	0.675	0.6235	0.7261
2018-09-25	MI-02	Bill Huizenga	R	house	FALSE	TRUE	0.9494	0.5512	0.4985	0.6043
2018-09-25	OH-06	Bill Johnson	R	house	FALSE	TRUE	0.9998	0.6827	0.6302	0.7359
2018-09-25	NJ-09	Bill Pascrell Jr.	D	house	FALSE	TRUE	1	0.7148	0.6612	0.7685
2018-09-25	FL-08	Bill Posey	R	house	FALSE	TRUE	0.9856	0.5925	0.5407	0.6443
2018-09-25	MO-07	Billy Long	R	house	FALSE	TRUE	1	0.6751	0.6229	0.7267
2018-09-25	MO-03	Blaine Luetkemeyer	R	house	FALSE	TRUE	0.9998	0.6588	0.6066	0.7106
2018-09-25	OH-07	Bob Gibbs	R	house	FALSE	TRUE	0.9074	0.5534	0.5019	0.606
2018-09-25	FL-02	Bob Rackleff	D	house	FALSE	FALSE	4e-4	0.3358	0.2839	0.3879
2018-09-25	IL-01	Bobby L. Rush	D	house	FALSE	TRUE	1	0.7152	0.6623	0.768
2018-09-25	NJ-12	Bonnie Watson Coleman	D	house	FALSE	TRUE	1	0.7114	0.6612	0.7616
2018-09-25	CA-30	Brad Sherman	D	house	FALSE	TRUE	1	0.7647	0.7156	0.8138
2018-09-25	OH-02	Brad Wenstrup	R	house	FALSE	TRUE	0.9543	0.5543	0.5011	0.6072
2018-09-25	AL-01	Bradley Byrne	R	house	FALSE	TRUE	0.9995	0.6511	0.6014	0.7005
2018-09-25	IL-10	Bradley Schneider	D	house	FALSE	TRUE	0.9997	0.6657	0.6139	0.718
2018-09-25	SC-04	Brandon Brown	D	house	FALSE	FALSE	1e-4	0.3143	0.2615	0.366
2018-09-25	MI-14	Brenda Lawrence	D	house	FALSE	TRUE	1	0.7906	0.7387	0.842
2018-09-25	PA-02	Brendan Boyle	D	house	FALSE	TRUE	1	0.7855	0.7364	0.8344
2018-09-25	IL-12	Brendan Kelly	D	house	FALSE	FALSE	0.4246	0.4776	0.43	0.5249
2018-09-25	PA-13	Brent Ottaway	D	house	FALSE	FALSE	1e-4	0.3099	0.258	0.3621
2018-09-25	KY-02	Brett S. Guthrie	R	house	FALSE	TRUE	0.999	0.623	0.5708	0.6751
2018-09-25	TX-36	Brian Babin	R	house	FALSE	TRUE	1	0.7052	0.6537	0.757
2018-09-25	HI-02	Brian Evans	R	house	FALSE	FALSE	0	0.2113	0.1595	0.2626
2018-09-25	PA-01	Brian Fitzpatrick	R	house	FALSE	TRUE	0.7446	0.5226	0.4776	0.5674
2018-09-25	NY-26	Brian Higgins	D	house	FALSE	TRUE	1	0.7298	0.6798	0.7795
2018-09-25	WA-02	Brian Luke	L	house	FALSE	FALSE	7e-4	0.226	0.1526	0.3018
2018-09-25	FL-18	Brian Mast	R	house	FALSE	TRUE	0.8788	0.5405	0.4957	0.5852
2018-09-25	ME-02	Bruce Poliquin	R	house	FALSE	TRUE	0.6185	0.4946	0.4455	0.5424
2018-09-25	AR-04	Bruce Westerman	R	house	FALSE	TRUE	0.9993	0.6199	0.5691	0.6707
2018-09-25	PA-03	Bryan E. Leib	R	house	FALSE	FALSE	0	0.0795	0.046	0.1134
2018-09-25	SC-06	Bryan Pugh	G	house	FALSE	FALSE	0	0.0293	0.0086	0.0552
2018-09-25	WI-01	Bryan Steil	R	house	FALSE	FALSE	0.7973	0.511	0.4664	0.5556
2018-09-25	CA-27	Bryan Witt	D	house	FALSE	FALSE	0	0.2452	0.1941	0.2966
2018-09-25	GA-01	Buddy Carter	R	house	FALSE	TRUE	0.9982	0.623	0.5741	0.6724
2018-09-25	MD-02	C. A. Dutch Ruppersberger	D	house	FALSE	TRUE	0.9999	0.6684	0.6148	0.7216
2018-09-25	TX-13	Calvin DeWeese	L	house	FALSE	FALSE	0	0.0335	0.0104	0.0617
2018-09-25	HI-01	Cam Cavasso	R	house	FALSE	FALSE	0	0.2585	0.1974	0.3188
2018-09-25	MI-09	Candius Stearns	R	house	FALSE	FALSE	0.0056	0.3704	0.3166	0.4237
2018-09-25	FL-26	Carlos Curbelo	R	house	FALSE	TRUE	0.5413	0.5036	0.456	0.5518
2018-09-25	WV-03	Carol Miller	R	house	FALSE	FALSE	0.9026	0.5594	0.5007	0.6181
2018-09-25	GA-07	Carolyn Bourdeaux	D	house	FALSE	FALSE	0.3255	0.4849	0.4413	0.5283
2018-09-25	WA-03	Carolyn Long	D	house	FALSE	FALSE	0.1601	0.4644	0.4183	0.5109
2018-09-25	NY-12	Carolyn Maloney	D	house	FALSE	TRUE	1	0.8177	0.7604	0.8744
2018-09-25	TX-04	Catherine Krantz	D	house	FALSE	FALSE	0	0.2265	0.1735	0.2803
2018-09-25	MI-03	Cathy Albro	D	house	FALSE	FALSE	0.0177	0.397	0.3446	0.4498
2018-09-25	WA-05	Cathy McMorris Rodgers	R	house	FALSE	TRUE	0.7537	0.5227	0.4796	0.566
2018-09-25	LA-02	Cedric Richmond	D	house	FALSE	TRUE	1	0.8492	0.7778	0.9139
2018-09-25	MD-03	Charles Anthony	R	house	FALSE	FALSE	1e-4	0.2903	0.2369	0.3438
2018-09-25	CO-01	Charles Casper Stockham	R	house	FALSE	FALSE	0	0.2507	0.1973	0.3041
2018-09-25	ND-01	Charles Tuttle	I	house	FALSE	FALSE	1e-4	0.0508	0.0194	0.0879
2018-09-25	FL-13	Charlie Crist	D	house	FALSE	TRUE	0.9977	0.6289	0.578	0.6798
2018-09-25	CA-03	Charlie Schaupp	R	house	FALSE	FALSE	8e-4	0.3571	0.3069	0.4074
2018-09-25	TN-09	Charlotte Bergmann	R	house	FALSE	FALSE	0	0.2053	0.1495	0.2608
2018-09-25	ME-01	Chellie Pingree	D	house	FALSE	TRUE	0.9974	0.6139	0.5582	0.6704
2018-09-25	IL-17	Cheri Bustos	D	house	FALSE	TRUE	0.9994	0.6488	0.5991	0.6985
2018-09-25	AR-01	Chintan Desai	D	house	FALSE	FALSE	7e-4	0.3329	0.2785	0.3868
2018-09-25	TX-21	Chip Roy	R	house	FALSE	FALSE	0.8051	0.5047	0.4517	0.558
2018-09-25	KS-03	Chris Clemmons	L	house	FALSE	FALSE	0	0.0295	0.0088	0.0554
2018-09-25	NY-27	Chris Collins	R	house	FALSE	TRUE	0.8197	0.52	0.4656	0.5746
2018-09-25	OH-13	Chris DePizzo	R	house	FALSE	FALSE	3e-4	0.3189	0.2694	0.3692
2018-09-25	TX-08	Chris Duncan	L	house	FALSE	FALSE	0	0.0323	0.0099	0.06
2018-09-25	FL-12	Chris Hunter	D	house	FALSE	FALSE	0.007	0.3945	0.348	0.4408
2018-09-25	NH-01	Chris Pappas	D	house	FALSE	FALSE	0.8327	0.5185	0.462	0.5747
2018-09-25	NJ-04	Chris Smith	R	house	FALSE	TRUE	0.9401	0.5434	0.4889	0.5974
2018-09-25	UT-02	Chris Stewart	R	house	FALSE	TRUE	0.9873	0.5467	0.4908	0.6027
2018-09-25	PA-06	Chrissy Houlahan	D	house	FALSE	FALSE	0.9877	0.5934	0.5427	0.6441
2018-09-25	CA-35	Christian Leonel Valiente	R	house	FALSE	FALSE	0	0.2661	0.2142	0.3182
2018-09-25	WA-04	Christine Brown	D	house	FALSE	FALSE	0.0045	0.3821	0.3288	0.4347
2018-09-25	CA-18	Christine Russell	R	house	FALSE	FALSE	0	0.2206	0.1662	0.2746
2018-09-25	TX-03	Christopher Claytor	L	house	FALSE	FALSE	0	0.0343	0.011	0.0631
2018-09-25	NM-03	Christopher Manning	L	house	FALSE	FALSE	0	0.0425	0.0149	0.0758
2018-09-25	IA-02	Christopher Peters	R	house	FALSE	FALSE	0.0157	0.3985	0.3485	0.4478
2018-09-25	GA-03	Chuck Enderlin	D	house	FALSE	FALSE	2e-4	0.3243	0.2746	0.3734
2018-09-25	TN-03	Chuck Fleischmann	R	house	FALSE	TRUE	0.9992	0.6324	0.5786	0.6863
2018-09-25	IA-03	Cindy Axne	D	house	FALSE	FALSE	0.4546	0.4754	0.4235	0.5259
2018-09-25	TX-35	Clark Patterson	L	house	FALSE	FALSE	0	0.0294	0.0088	0.0552
2018-09-25	AR-02	Clarke Tucker	D	house	FALSE	FALSE	0.1964	0.4574	0.4122	0.502
2018-09-25	NY-22	Claudia Tenney	R	house	FALSE	TRUE	0.3306	0.4856	0.4418	0.5295
2018-09-25	NJ-09	Claudio Belusic	L	house	FALSE	FALSE	0	0.0284	0.0084	0.0535
2018-09-25	LA-03	Clay Higgins	R	house	FALSE	TRUE	0.8616	0.4256	0.3552	0.5021
2018-09-25	NC-11	Clifton Ingram Jr.	L	house	FALSE	FALSE	0	0.0281	0.0082	0.0532
2018-09-25	NV-02	Clint Koble	D	house	FALSE	FALSE	0.0111	0.404	0.3533	0.4545
2018-09-25	TX-32	Colin Allred	D	house	FALSE	FALSE	0.2586	0.465	0.4166	0.5131
2018-09-25	MN-07	Collin C. Peterson	D	house	FALSE	TRUE	0.8868	0.5515	0.4968	0.6065
2018-09-25	PA-17	Conor Lamb	D	house	FALSE	TRUE	0.9816	0.5739	0.5307	0.6171
2018-09-25	MO-02	Cort VanOstran	D	house	FALSE	FALSE	0.1211	0.4433	0.3963	0.4894
2018-09-25	IN-03	Courtney Tritch	D	house	FALSE	FALSE	0.0034	0.387	0.339	0.4347
2018-09-25	IL-07	Craig Cameron	R	house	FALSE	FALSE	0	0.1556	0.1094	0.2011
2018-09-25	WA-07	Craig Keller	R	house	FALSE	FALSE	0	0.1628	0.1152	0.2101
2018-09-25	NV-04	Cresent Hardy	R	house	FALSE	FALSE	0.1226	0.4309	0.3782	0.4824
2018-09-25	ID-01	Cristina McNeil	D	house	FALSE	FALSE	0.0061	0.3042	0.2324	0.3749
2018-09-25	CA-14	Cristina Osmeña	R	house	FALSE	FALSE	0	0.1724	0.1244	0.2205
2018-09-25	TX-29	Cullen Burns	L	house	FALSE	FALSE	0	0.0354	0.0114	0.0651
2018-09-25	CA-02	Dale K. Mensing	R	house	FALSE	FALSE	0	0.198	0.153	0.2428
2018-09-25	TX-02	Dan Crenshaw	R	house	FALSE	FALSE	0.9112	0.5345	0.4813	0.5877
2018-09-25	PA-04	Dan David	R	house	FALSE	FALSE	0.0022	0.3716	0.3202	0.4233
2018-09-25	NY-03	Dan DeBono	R	house	FALSE	FALSE	0.0059	0.3864	0.3322	0.4402
2018-09-25	MN-01	Dan Feehan	D	house	FALSE	FALSE	0.3522	0.4854	0.4347	0.5361
2018-09-25	MO-06	Dan Hogan	L	house	FALSE	FALSE	0	0.0324	0.0101	0.0605
2018-09-25	WI-06	Dan Kohl	D	house	FALSE	FALSE	0.2693	0.4754	0.4234	0.5278
2018-09-25	NC-09	Dan McCready	D	house	FALSE	FALSE	0.6424	0.495	0.4464	0.5426
2018-09-25	PA-09	Dan Meuser	R	house	FALSE	FALSE	0.993	0.6086	0.556	0.6613
2018-09-25	WA-04	Dan Newhouse	R	house	FALSE	TRUE	0.9955	0.6179	0.5653	0.6712
2018-09-25	CT-02	Dan Postemski	R	house	FALSE	FALSE	5e-4	0.3306	0.2789	0.3826
2018-09-25	TX-05	Dan Wood	D	house	FALSE	FALSE	6e-4	0.3529	0.3022	0.4033
2018-09-25	NY-24	Dana Balter	D	house	FALSE	FALSE	0.1533	0.4668	0.4246	0.5088
2018-09-25	FL-11	Dana Cottrell	D	house	FALSE	FALSE	7e-4	0.3484	0.2959	0.4008
2018-09-25	CA-48	Dana Rohrabacher	R	house	FALSE	TRUE	0.3607	0.4878	0.4416	0.5339
2018-09-25	NY-11	Daniel Donovan	R	house	FALSE	TRUE	0.7543	0.5146	0.4589	0.5698
2018-09-25	MI-05	Daniel Kildee	D	house	FALSE	TRUE	0.9991	0.642	0.5863	0.6968
2018-09-25	IL-03	Daniel Lipinski	D	house	FALSE	TRUE	0.9999	0.6806	0.631	0.7301
2018-09-25	WV-02	Daniel Lutz Jr.	Mountain	house	FALSE	FALSE	0	0.0466	0.0171	0.0819
2018-09-25	FL-11	Daniel Webster	R	house	FALSE	TRUE	0.9993	0.6516	0.5992	0.7041
2018-09-25	TN-03	Danielle Mitchell	D	house	FALSE	FALSE	8e-4	0.3375	0.2833	0.3905
2018-09-25	AL-06	Danner Kline	D	house	FALSE	FALSE	2e-4	0.3266	0.2775	0.375
2018-09-25	IL-07	Danny K. Davis	D	house	FALSE	TRUE	1	0.8444	0.7989	0.8906
2018-09-25	OH-12	Danny O'Connor	D	house	FALSE	FALSE	0.3229	0.472	0.4276	0.5158
2018-09-25	NV-03	Danny Tarkanian	R	house	FALSE	FALSE	0.2766	0.4512	0.3969	0.5047
2018-09-25	IL-18	Darin LaHood	R	house	FALSE	TRUE	0.9998	0.6716	0.622	0.7214
2018-09-25	FL-09	Darren Soto	D	house	FALSE	TRUE	0.9989	0.6427	0.5914	0.6934
2018-09-25	NJ-12	Daryl Kipnis	R	house	FALSE	FALSE	0	0.2886	0.2384	0.3388
2018-09-25	VA-07	Dave Brat	R	house	FALSE	TRUE	0.6478	0.4983	0.4553	0.5407
2018-09-25	MN-07	Dave Hughes	R	house	FALSE	FALSE	0.1132	0.4485	0.3935	0.5032
2018-09-25	SC-03	Dave Moore	AME	house	FALSE	FALSE	0	0.0298	0.0089	0.056
2018-09-25	MD-04	David Bishop	L	house	FALSE	FALSE	0	0.0348	0.0112	0.064
2018-09-25	AZ-04	David Brill	D	house	FALSE	FALSE	4e-4	0.3198	0.262	0.3769
2018-09-25	NC-10	David Brown	D	house	FALSE	FALSE	0.0025	0.3775	0.3277	0.4279
2018-09-25	GA-13	David Callahan	R	house	FALSE	FALSE	0	0.2762	0.2263	0.3263
2018-09-25	RI-01	David Cicilline	D	house	FALSE	TRUE	0.9999	0.7107	0.6576	0.7635
2018-09-25	NC-07	David Fallin	CON	house	FALSE	FALSE	0	0.0292	0.0086	0.0549
2018-09-25	MD-07	David Griggs	L	house	FALSE	FALSE	0	0.0345	0.0111	0.0635
2018-09-25	OH-10	David Harlow	L	house	FALSE	FALSE	0	0.0293	0.0086	0.0549
2018-09-25	FL-19	David Holden	D	house	FALSE	FALSE	0.0627	0.435	0.3812	0.4885
2018-09-25	OH-14	David Joyce	R	house	FALSE	TRUE	0.8245	0.5359	0.4861	0.5862
2018-09-25	TN-08	David Kustoff	R	house	FALSE	TRUE	1	0.6797	0.6263	0.7326
2018-09-25	MD-03	David Lashar	L	house	FALSE	FALSE	0	0.0318	0.0099	0.0593
2018-09-25	IA-02	David Loebsack	D	house	FALSE	TRUE	0.9843	0.5633	0.5134	0.6125
2018-09-25	WV-01	David McKinley	R	house	FALSE	TRUE	0.999	0.6426	0.5909	0.6945
2018-09-25	IL-02	David Merkle	R	house	FALSE	FALSE	0	0.1879	0.1401	0.2367
2018-09-25	NC-04	David Price	D	house	FALSE	TRUE	1	0.7394	0.6885	0.7897
2018-09-25	NC-07	David Rouzer	R	house	FALSE	TRUE	0.841	0.5231	0.4718	0.5739
2018-09-25	AZ-06	David Schweikert	R	house	FALSE	TRUE	0.828	0.5377	0.4858	0.5897
2018-09-25	GA-13	David Scott	D	house	FALSE	TRUE	1	0.7238	0.6737	0.7737
2018-09-25	FL-16	David Shapiro	D	house	FALSE	FALSE	0.1456	0.4639	0.4189	0.5081
2018-09-25	TX-35	David Smalling	R	house	FALSE	FALSE	1e-4	0.2876	0.2323	0.3431
2018-09-25	PA-02	David Torres	R	house	FALSE	FALSE	0	0.2145	0.1656	0.2636
2018-09-25	MD-06	David Trone	D	house	FALSE	FALSE	0.9934	0.5853	0.5318	0.638
2018-09-25	CA-21	David Valadao	R	house	FALSE	TRUE	0.638	0.5153	0.4585	0.5722
2018-09-25	IA-03	David Young	R	house	FALSE	TRUE	0.5454	0.4834	0.4321	0.5348
2018-09-25	TN-06	Dawn Barlow	D	house	FALSE	FALSE	0	0.2673	0.2127	0.3219
2018-09-25	TX-36	Dayna Steele	D	house	FALSE	FALSE	0	0.2948	0.243	0.3463
2018-09-25	NC-05	DD Adams	D	house	FALSE	FALSE	0.0439	0.429	0.3768	0.4814
2018-09-25	MN-03	Dean Phillips	D	house	FALSE	FALSE	0.8449	0.5349	0.4903	0.5795
2018-09-25	MI-12	Debbie Dingell	D	house	FALSE	TRUE	0.9999	0.6871	0.6349	0.7387
2018-09-25	AZ-08	Debbie Lesko	R	house	FALSE	TRUE	0.8615	0.5393	0.4926	0.586
2018-09-25	FL-26	Debbie Mucarsel-Powell	D	house	FALSE	FALSE	0.4587	0.4964	0.4482	0.544
2018-09-25	FL-23	Debbie Wasserman Schultz	D	house	FALSE	TRUE	0.9997	0.6486	0.5952	0.7013
2018-09-25	NM-01	Debra A. Haaland	D	house	FALSE	FALSE	0.9762	0.557	0.5033	0.6098
2018-09-25	IN-05	Dee Thornton	D	house	FALSE	FALSE	0.0096	0.405	0.3557	0.4541
2018-09-25	WA-10	Denny Heck	D	house	FALSE	TRUE	0.9992	0.6455	0.5954	0.695
2018-09-25	PA-09	Denny Wolff	D	house	FALSE	FALSE	0.007	0.3914	0.3387	0.444
2018-09-25	VA-05	Denver Riggleman	R	house	FALSE	FALSE	0.4663	0.4967	0.4462	0.5471
2018-09-25	WA-06	Derek Kilmer	D	house	FALSE	TRUE	0.9998	0.6616	0.6103	0.7127
2018-09-25	TX-25	Desarae Lindsey	L	house	FALSE	FALSE	0	0.0291	0.0086	0.0551
2018-09-25	LA-06	Devin Lance Graham	I	house	FALSE	FALSE	0	0.0251	0.007	0.0483
2018-09-25	CA-22	Devin Nunes	R	house	FALSE	TRUE	0.9475	0.559	0.5126	0.606
2018-09-25	CO-01	Diana DeGette	D	house	FALSE	TRUE	1	0.7064	0.6523	0.7596
2018-09-25	CA-49	Diane L. Harkey	R	house	FALSE	FALSE	0.0843	0.4525	0.409	0.4966
2018-09-25	CO-03	Diane Mitsch Bush	D	house	FALSE	FALSE	0.3901	0.4668	0.4111	0.5221
2018-09-25	NV-01	Dina Titus	D	house	FALSE	TRUE	0.9999	0.6778	0.6212	0.7342
2018-09-25	WA-08	Dino Rossi	R	house	FALSE	FALSE	0.4543	0.4957	0.4483	0.5434
2018-09-25	OH-01	Dirk Kubala	L	house	FALSE	FALSE	0	0.029	0.0085	0.0547
2018-09-25	NE-02	Don Bacon	R	house	FALSE	TRUE	0.5594	0.5057	0.4561	0.5557
2018-09-25	VA-08	Don Beyer	D	house	FALSE	TRUE	1	0.7568	0.7044	0.8088
2018-09-25	TX-14	Don Conley III	L	house	FALSE	FALSE	0	0.0294	0.0088	0.0554
2018-09-25	OH-05	Don Kissick	L	house	FALSE	FALSE	0	0.0306	0.0092	0.0572
2018-09-25	AK-01	Don Young	R	house	FALSE	TRUE	0.7263	0.4934	0.4335	0.5527
2018-09-25	NJ-01	Donald Norcross	D	house	FALSE	TRUE	0.9999	0.6695	0.6171	0.7215
2018-09-25	NJ-10	Donald Payne Jr.	D	house	FALSE	TRUE	1	0.8334	0.7837	0.8823
2018-09-25	MO-03	Donald Stolle	L	house	FALSE	FALSE	0	0.0331	0.0104	0.0613
2018-09-25	FL-27	Donna Shalala	D	house	FALSE	FALSE	0.8475	0.5319	0.4726	0.5912
2018-09-25	CA-06	Doris O. Matsui	D	house	FALSE	TRUE	1	0.784	0.7368	0.8314
2018-09-25	GA-09	Doug Collins	R	house	FALSE	TRUE	1	0.7917	0.743	0.8407
2018-09-25	CA-01	Doug LaMalfa	R	house	FALSE	TRUE	0.8377	0.5402	0.4874	0.5934
2018-09-25	CO-05	Doug Lamborn	R	house	FALSE	TRUE	0.9801	0.5871	0.5347	0.6394
2018-09-25	WA-06	Douglas Dightman	R	house	FALSE	FALSE	2e-4	0.3384	0.2873	0.3897
2018-09-25	IL-10	Douglas R. Bennett	R	house	FALSE	FALSE	3e-4	0.3343	0.282	0.3861
2018-09-25	OR-01	Drew Layda	L	house	FALSE	FALSE	0	0.0425	0.0149	0.0759
2018-09-25	CA-50	Duncan D. Hunter	R	house	FALSE	TRUE	0.8383	0.5316	0.4899	0.5739
2018-09-25	SD-01	Dusty Johnson	R	house	FALSE	FALSE	0.9865	0.5626	0.5105	0.6138
2018-09-25	NY-02	DuWayne Gregory	IWW	house	FALSE	FALSE	0	0.0273	0.0078	0.0521
2018-09-25	PA-03	Dwight Evans	D	house	FALSE	TRUE	1	0.9205	0.8866	0.954
2018-09-25	OR-03	Earl Blumenauer	D	house	FALSE	TRUE	1	0.8324	0.7585	0.9003
2018-09-25	PA-16	Ebert G Bill Beeman	L	house	FALSE	FALSE	0	0.023	0.0061	0.0444
2018-09-25	HI-01	Ed Case	D	house	FALSE	FALSE	1	0.6923	0.6311	0.7532
2018-09-25	CO-07	Ed Perlmutter	D	house	FALSE	TRUE	0.9982	0.6165	0.5623	0.6699
2018-09-25	TX-30	Eddie Bernice Johnson	D	house	FALSE	TRUE	1	0.8816	0.8163	0.9399
2018-09-25	NH-01	Eddie Edwards	R	house	FALSE	FALSE	0.1673	0.4381	0.3812	0.4945
2018-09-25	VA-02	Elaine Luria	D	house	FALSE	FALSE	0.3532	0.4875	0.4451	0.5304
2018-09-25	MD-07	Elijah Cummings	D	house	FALSE	TRUE	1	0.7636	0.7118	0.8146
2018-09-25	MT-01	Elinor Swanson	L	house	FALSE	FALSE	0	0.0329	0.0103	0.0611
2018-09-25	NY-16	Eliot Engel	D	house	FALSE	TRUE	1	1	1	1
2018-09-25	NY-12	Eliot Rabin	R	house	FALSE	FALSE	0	0.1499	0.0931	0.2069
2018-09-25	NY-21	Elise Stefanik	R	house	FALSE	TRUE	0.9372	0.5513	0.4939	0.6074
2018-09-25	MI-08	Elissa Slotkin	D	house	FALSE	FALSE	0.4422	0.4798	0.4303	0.5285
2018-09-25	CA-16	Elizabeth Heng	R	house	FALSE	FALSE	0.0184	0.4118	0.3606	0.4641
2018-09-25	AR-01	Elvis Presley	L	house	FALSE	FALSE	0	0.0394	0.0133	0.0717
2018-09-25	MO-05	Emanuel Cleaver	D	house	FALSE	TRUE	0.999	0.6265	0.5732	0.6787
2018-09-25	TX-27	Eric Holguin	D	house	FALSE	FALSE	0.0024	0.3556	0.3006	0.4103
2018-09-25	NJ-09	Eric P. Fisher	R	house	FALSE	FALSE	0	0.2568	0.2029	0.3101
2018-09-25	CA-15	Eric Swalwell	D	house	FALSE	TRUE	1	0.7683	0.7179	0.8189
2018-09-25	MN-03	Erik Paulsen	R	house	FALSE	TRUE	0.1551	0.4651	0.4205	0.5097
2018-09-25	TN-08	Erika Stotts Pearson	D	house	FALSE	FALSE	0	0.29	0.2372	0.3431
2018-09-25	WI-05	F. James Sensenbrenner	R	house	FALSE	TRUE	0.9856	0.5947	0.5423	0.6469
2018-09-25	TX-34	Filemon Vela	D	house	FALSE	TRUE	0.9995	0.6755	0.6189	0.7325
2018-09-25	GA-11	Flynn D. Broady Jr.	D	house	FALSE	FALSE	6e-4	0.3443	0.2935	0.3946
2018-09-25	FL-19	Francis Rooney	R	house	FALSE	TRUE	0.9373	0.565	0.5115	0.6188
2018-09-25	NY-20	Francis Vitollo	R	house	FALSE	FALSE	1e-4	0.3136	0.2631	0.3639
2018-09-25	GA-12	Francys Johnson	D	house	FALSE	FALSE	0.015	0.4075	0.356	0.4589
2018-09-25	OK-03	Frank Lucas	R	house	FALSE	TRUE	1	0.7288	0.6765	0.7817
2018-09-25	NC-08	Frank McNeill	D	house	FALSE	FALSE	0.1385	0.4577	0.4075	0.508
2018-09-25	NJ-06	Frank Pallone Jr.	D	house	FALSE	TRUE	0.9998	0.6796	0.6275	0.7307
2018-09-25	OK-03	Frankie Robbins	D	house	FALSE	FALSE	0	0.2712	0.2183	0.3235
2018-09-25	MI-06	Fred Upton	R	house	FALSE	TRUE	0.8584	0.5228	0.4774	0.5678
2018-09-25	FL-24	Frederica Wilson	D	house	FALSE	TRUE	1	1	1	1
2018-09-25	AR-02	French Hill	R	house	FALSE	TRUE	0.8036	0.5141	0.4688	0.5592
2018-09-25	NC-01	G.K. Butterfield	D	house	FALSE	TRUE	0.9999	0.7169	0.6661	0.7673
2018-09-25	LA-06	Garrett Graves	R	house	FALSE	TRUE	0.9998	0.6503	0.5703	0.7373
2018-09-25	AL-06	Gary Palmer	R	house	FALSE	TRUE	0.9998	0.6734	0.625	0.7225
2018-09-25	AZ-07	Gary Swing	G	house	FALSE	FALSE	2e-4	0.1363	0.074	0.2046
2018-09-25	FL-04	"George ""Ges"" Selmont"	D	house	FALSE	FALSE	2e-4	0.3045	0.2521	0.3564
2018-09-25	FL-13	George Buck	R	house	FALSE	FALSE	0.0023	0.3711	0.3202	0.422
2018-09-25	NC-02	George Holding	R	house	FALSE	TRUE	0.6738	0.5026	0.4541	0.551
2018-09-25	MD-04	George McDermott	R	house	FALSE	FALSE	0	0.1898	0.1386	0.2404
2018-09-25	PA-10	George Scott	D	house	FALSE	FALSE	0.2298	0.4752	0.4308	0.5194
2018-09-25	VA-11	Gerald E. Connolly	D	house	FALSE	TRUE	0.9998	0.6714	0.6164	0.7255
2018-09-25	SC-06	Gerhard Gressmann	R	house	FALSE	FALSE	0	0.2577	0.2046	0.311
2018-09-25	CA-39	Gil Cisneros	D	house	FALSE	FALSE	0.3477	0.4866	0.4413	0.5319
2018-09-25	TX-23	Gina Ortiz Jones	D	house	FALSE	FALSE	0.4866	0.4868	0.4326	0.5402
2018-09-25	WI-06	Glenn Grothman	R	house	FALSE	TRUE	0.7307	0.5246	0.4722	0.5766
2018-09-25	PA-15	Glenn W. Thompson	R	house	FALSE	TRUE	1	0.7132	0.6602	0.7663
2018-09-25	NY-06	Grace Meng	D	house	FALSE	TRUE	0.9998	0.842	0.77	0.9079
2018-09-25	CA-32	Grace Napolitano	D	house	FALSE	TRUE	1	0.8173	0.7709	0.8638
2018-09-25	MT-01	Greg Gianforte	R	house	FALSE	TRUE	0.9112	0.5313	0.4837	0.5792
2018-09-25	WY-01	Greg Hunter	D	house	FALSE	FALSE	1e-4	0.2878	0.2312	0.3443
2018-09-25	PA-06	Greg McCauley	R	house	FALSE	FALSE	0.0123	0.4066	0.3559	0.4573
2018-09-25	IN-06	Greg Pence	R	house	FALSE	FALSE	0.9992	0.6336	0.5784	0.688
2018-09-25	MN-04	Greg Ryan	R	house	FALSE	FALSE	1e-4	0.2928	0.2385	0.3468
2018-09-25	TX-13	Greg Sagan	D	house	FALSE	FALSE	0	0.1708	0.1196	0.2216
2018-09-25	AZ-09	Greg Stanton	D	house	FALSE	FALSE	0.9929	0.6039	0.5533	0.6541
2018-09-25	FL-17	Greg Steube	R	house	FALSE	FALSE	0.9976	0.6279	0.5744	0.6809
2018-09-25	OR-02	Greg Walden	R	house	FALSE	TRUE	0.9983	0.6184	0.5617	0.6744
2018-09-25	KY-03	Gregory Boles	L	house	FALSE	FALSE	0	0.0292	0.0088	0.0549
2018-09-25	NY-05	Gregory W. Meeks	D	house	FALSE	TRUE	1	1	1	1
2018-09-25	MI-07	Gretchen Driskell	D	house	FALSE	FALSE	0.3882	0.4885	0.4383	0.539
2018-09-25	FL-12	Gus M. Bilirakis	R	house	FALSE	TRUE	0.993	0.5768	0.5298	0.6231
2018-09-25	SC-04	Guy Furay	AME	house	FALSE	FALSE	0	0.0339	0.0108	0.0623
2018-09-25	PA-14	Guy Reschenthaler	R	house	FALSE	FALSE	0.9885	0.5997	0.5477	0.6522
2018-09-25	WI-04	Gwen Moore	D	house	FALSE	TRUE	1	0.7483	0.6954	0.801
2018-09-25	NY-08	Hakeem Jeffries	D	house	FALSE	TRUE	1	0.8915	0.828	0.9468
2018-09-25	MI-11	Haley Stevens	D	house	FALSE	FALSE	0.704	0.5027	0.4486	0.5555
2018-09-25	GA-04	Hank Johnson	D	house	FALSE	TRUE	1	0.7443	0.6949	0.7937
2018-09-25	KY-02	Hank Linderman	D	house	FALSE	FALSE	0.001	0.3465	0.2947	0.3986
2018-09-25	CA-48	Harley Rouda	D	house	FALSE	FALSE	0.6393	0.5122	0.4661	0.5584
2018-09-25	KY-05	Harold Rogers	R	house	FALSE	TRUE	1	0.7433	0.6862	0.79990000000000006
2018-09-25	CT-04	Harry Arora	R	house	FALSE	FALSE	0.001	0.356	0.304	0.4076
2018-09-25	AZ-04	Haryaksha Gregor Knauer	G	house	FALSE	FALSE	0	0.0358	0.0117	0.0654
2018-09-25	AR-04	Hayden Shamel	D	house	FALSE	FALSE	7e-4	0.3399	0.2885	0.3903
2018-09-25	NY-11	Henry Bardel	G	house	FALSE	FALSE	0	0.0273	0.0078	0.052
2018-09-25	TX-28	Henry Cuellar	D	house	FALSE	TRUE	0.9997	0.8074	0.7327	0.878
2018-09-25	MO-06	Henry Robert Martin	D	house	FALSE	FALSE	4e-4	0.3266	0.2737	0.3792
2018-09-25	GA-02	Herman West Jr.	R	house	FALSE	FALSE	8e-4	0.3551	0.3049	0.406
2018-09-25	AZ-08	Hiral Tipirneni	D	house	FALSE	FALSE	0.1385	0.4607	0.414	0.5074
2018-09-25	MN-06	Ian Todd	D	house	FALSE	FALSE	0.0015	0.3672	0.3164	0.4164
2018-09-25	MN-05	Ilhan Omar	D	house	FALSE	FALSE	1	0.8036	0.7559	0.8518
2018-09-25	MS-02	Irving Harris	REF	house	FALSE	FALSE	0	0.2204	0.1678	0.2724
2018-09-25	CA-46	J. Luis Correa	D	house	FALSE	TRUE	1	0.7192	0.6665	0.7714
2018-09-25	OH-05	J. Michael Galbraith	D	house	FALSE	FALSE	0.0023	0.3602	0.3077	0.4123
2018-09-25	IA-04	J.D. Scholten	D	house	FALSE	FALSE	0.1133	0.4343	0.3835	0.485
2018-09-25	MI-01	Jack Bergman	R	house	FALSE	TRUE	0.8229	0.539	0.4846	0.5925
2018-09-25	CA-14	Jackie Speier	D	house	FALSE	TRUE	1	0.8276	0.7795	0.8756
2018-09-25	IN-02	Jackie Walorski	R	house	FALSE	TRUE	0.94	0.5639	0.512	0.6159
2018-09-25	TX-12	Jacob Leddy	L	house	FALSE	FALSE	0	0.0305	0.0092	0.057
2018-09-25	MO-05	Jacob Turk	R	house	FALSE	FALSE	0.001	0.3357	0.2833	0.3885
2018-09-25	CT-05	Jahana Hayes	D	house	FALSE	FALSE	0.9769	0.5668	0.5133	0.6193
2018-09-25	WA-03	Jaime Herrera Beutler	R	house	FALSE	TRUE	0.8399	0.5356	0.4891	0.5817
2018-09-25	KS-04	James A. Thompson	D	house	FALSE	FALSE	0.1843	0.4649	0.4146	0.5156
2018-09-25	KY-01	James Comer	R	house	FALSE	TRUE	0.9998	0.6807	0.6285	0.7334
2018-09-25	OH-02	James Condit Jr.	G	house	FALSE	FALSE	0	0.0301	0.009	0.0566
2018-09-25	SC-06	James E. Clyburn	D	house	FALSE	TRUE	1	0.7129	0.6595	0.7658
2018-09-25	TN-08	James Hart	I	house	FALSE	FALSE	0	0.0304	0.0092	0.057
2018-09-25	MA-02	James McGovern	D	house	FALSE	TRUE	1	0.7046	0.6522	0.7574
2018-09-25	NY-18	James O'Donnell	R	house	FALSE	FALSE	0.0108	0.4013	0.3494	0.453
2018-09-25	UT-03	James Singer	D	house	FALSE	FALSE	1e-4	0.2713	0.2106	0.3308
2018-09-25	MO-07	Jamie Daniel Schoolcraft	D	house	FALSE	FALSE	0	0.291	0.239	0.3428
2018-09-25	OR-02	Jamie McLeod-Skinner	D	house	FALSE	FALSE	0.0017	0.3388	0.2827	0.3945
2018-09-25	MD-08	Jamie Raskin	D	house	FALSE	TRUE	1	0.6857	0.6328	0.7385
2018-09-25	TX-24	Jan McDowell	D	house	FALSE	FALSE	0.0455	0.4324	0.3829	0.4824
2018-09-25	IL-09	Jan Schakowsky	D	house	FALSE	TRUE	1	0.7282	0.6769	0.7798
2018-09-25	TX-06	Jana Lynne Sanchez	D	house	FALSE	FALSE	0.0707	0.4343	0.3886	0.4797
2018-09-25	OH-04	Janet Garrett	D	house	FALSE	FALSE	0.0357	0.4227	0.3693	0.4758
2018-09-25	NM-01	Janice E. Arnold-Jones	R	house	FALSE	FALSE	0.0238	0.3948	0.341	0.4481
2018-09-25	ME-02	Jared Golden	D	house	FALSE	FALSE	0.3815	0.4727	0.424	0.5216
2018-09-25	CA-02	Jared Huffman	D	house	FALSE	TRUE	1	0.802	0.7572	0.847
2018-09-25	MD-08	Jasen Wunder	L	house	FALSE	FALSE	0	0.0322	0.0099	0.0601
2018-09-25	CO-06	Jason Crow	D	house	FALSE	FALSE	0.8127	0.5127	0.4661	0.5592
2018-09-25	NY-15	Jason Gonzalez	R	house	FALSE	FALSE	0	0.0521	0.0227	0.0817
2018-09-25	TX-06	Jason Harber	L	house	FALSE	FALSE	1e-4	0.032	0.0099	0.0595
2018-09-25	TX-31	Jason Hope	L	house	FALSE	FALSE	0	0.0286	0.0085	0.0543
2018-09-25	MN-02	Jason Lewis	R	house	FALSE	TRUE	0.2461	0.4773	0.4341	0.5203
2018-09-25	OK-02	Jason Nichols	D	house	FALSE	FALSE	2e-4	0.3049	0.2505	0.3593
2018-09-25	TX-33	Jason Reeves	L	house	FALSE	FALSE	0	0.0309	0.0094	0.0577
2018-09-25	MO-08	Jason Smith	R	house	FALSE	TRUE	0.9999	0.6889	0.632	0.745
2018-09-25	NJ-11	Jay Webber	R	house	FALSE	FALSE	0.2364	0.4524	0.3981	0.5062
2018-09-25	IN-06	Jeannine Lee Lake	D	house	FALSE	FALSE	8e-4	0.3275	0.2729	0.3818
2018-09-25	TX-01	Jeff Callaway	L	house	FALSE	FALSE	0	0.0318	0.0099	0.0594
2018-09-25	CA-10	Jeff Denham	R	house	FALSE	TRUE	0.3176	0.4823	0.4336	0.5304
2018-09-25	VA-11	Jeff Dove	R	house	FALSE	FALSE	2e-4	0.2974	0.2434	0.3519
2018-09-25	SC-03	Jeff Duncan	R	house	FALSE	TRUE	0.9989	0.6245	0.5706	0.677
2018-09-25	NE-01	Jeff Fortenberry	R	house	FALSE	TRUE	0.9989	0.6365	0.5854	0.6872
2018-09-25	MI-12	Jeff Jones	R	house	FALSE	FALSE	1e-4	0.2788	0.2272	0.3302
2018-09-25	NC-02	Jeff Matemu	L	house	FALSE	FALSE	0	0.0266	0.0075	0.0502
2018-09-25	NC-09	Jeff Scott	L	house	FALSE	FALSE	0	0.0357	0.0118	0.0653
2018-09-25	NJ-02	Jeff Van Drew	D	house	FALSE	FALSE	0.9734	0.558	0.5044	0.6101
2018-09-25	WA-01	Jeffrey Beeler	R	house	FALSE	FALSE	0.0018	0.3665	0.3147	0.4175
2018-09-25	TX-20	Jeffrey Blunt	L	house	FALSE	FALSE	2e-4	0.1846	0.1143	0.259
2018-09-25	UT-02	Jeffrey Whipple	L	house	FALSE	FALSE	2e-4	0.0879	0.0424	0.1401
2018-09-25	MD-01	Jenica Martin	L	house	FALSE	FALSE	0	0.0324	0.0101	0.0601
2018-09-25	TX-11	Jennie Lou Leeder	D	house	FALSE	FALSE	0	0.1871	0.1345	0.2397
2018-09-25	VA-06	Jennifer Lewis	D	house	FALSE	FALSE	0.0034	0.3819	0.3314	0.4317
2018-09-25	CT-01	Jennifer Nye	R	house	FALSE	FALSE	2e-4	0.3073	0.2555	0.3582
2018-09-25	VA-10	Jennifer Wexton	D	house	FALSE	FALSE	0.7817	0.5282	0.4813	0.5749
2018-09-25	MN-05	Jennifer Zielinski	R	house	FALSE	FALSE	0	0.1964	0.1482	0.2441
2018-09-25	FL-01	Jennifer Zimmerman	D	house	FALSE	FALSE	0	0.3002	0.2504	0.3493
2018-09-25	NM-03	Jerald Steve McFall	R	house	FALSE	FALSE	2e-4	0.321	0.2744	0.3669
2018-09-25	MS-04	Jeramey Anderson	D	house	FALSE	FALSE	0.0063	0.3824	0.3301	0.4343
2018-09-25	NY-10	Jerrold Nadler	D	house	FALSE	TRUE	1	0.8008	0.7473	0.8542
2018-09-25	MI-04	Jerry Hilliard	D	house	FALSE	FALSE	0.0031	0.3731	0.3195	0.4261
2018-09-25	CA-09	Jerry McNerney	D	house	FALSE	TRUE	0.9986	0.6355	0.5849	0.6858
2018-09-25	PA-11	Jess King	D	house	FALSE	FALSE	0.0592	0.4441	0.3981	0.4894
2018-09-25	MD-01	Jesse Colvin	D	house	FALSE	FALSE	0.0078	0.376	0.3205	0.4302
2018-09-25	LA-05	Jessee Carlton Fleenor	D	house	FALSE	FALSE	4e-4	0.3346	0.2811	0.3872
2018-09-25	NE-01	Jessica McClure	D	house	FALSE	FALSE	0.0011	0.3635	0.3128	0.4146
2018-09-25	CA-04	Jessica Morse	D	house	FALSE	FALSE	0.1456	0.4571	0.4041	0.51
2018-09-25	IL-04	"Jesus ""Chuy"" Garcia"	D	house	FALSE	FALSE	1	0.8516	0.8039	0.8998
2018-09-25	OH-02	Jill Schiller	D	house	FALSE	FALSE	0.0457	0.4156	0.3623	0.4687
2018-09-25	IN-04	Jim Baird	R	house	FALSE	FALSE	0.994	0.6075	0.5568	0.6582
2018-09-25	IN-03	Jim Banks	R	house	FALSE	TRUE	0.9966	0.613	0.5653	0.661
2018-09-25	OH-03	Jim Burgess	R	house	FALSE	FALSE	0	0.2698	0.2199	0.3203
2018-09-25	TN-05	Jim Cooper	D	house	FALSE	TRUE	0.9999	0.6733	0.6249	0.721
2018-09-25	CA-16	Jim Costa	D	house	FALSE	TRUE	0.9816	0.5882	0.5359	0.6394
2018-09-25	LA-01	Jim Francis	D	house	FALSE	FALSE	0	0.1154	0.0618	0.1704
2018-09-25	MN-01	Jim Hagedorn	R	house	FALSE	FALSE	0.6478	0.5146	0.4639	0.5653
2018-09-25	CT-04	Jim Himes	D	house	FALSE	TRUE	0.999	0.644	0.5924	0.696
2018-09-25	OH-04	Jim Jordan	R	house	FALSE	TRUE	0.9643	0.5773	0.5242	0.6307
2018-09-25	RI-02	Jim Langevin	D	house	FALSE	TRUE	0.9998	0.6844	0.6324	0.7369
2018-09-25	NY-25	Jim Maxwell	R	house	FALSE	FALSE	9e-4	0.3737	0.3293	0.4178
2018-09-25	CA-34	Jimmy Gomez	D	house	FALSE	TRUE	0.9995	0.8167	0.743	0.887
2018-09-25	IL-01	Jimmy Lee Tillman II	R	house	FALSE	FALSE	0	0.25	0.197	0.3028
2018-09-25	CA-20	Jimmy Panetta	D	house	FALSE	TRUE	0.9992	0.7678	0.6908	0.8416
2018-09-25	NY-13	Jineea Butler	R	house	FALSE	FALSE	0	0.0752	0.0406	0.1096
2018-09-25	IL-08	"Jitendra ""JD"" Diganvker"	R	house	FALSE	FALSE	2e-4	0.3264	0.2736	0.3796
2018-09-25	AZ-05	Joan Greene	D	house	FALSE	FALSE	0.0016	0.3648	0.3125	0.4174
2018-09-25	TX-20	Joaquin Castro	D	house	FALSE	TRUE	0.9998	0.8154	0.741	0.8857
2018-09-25	TX-19	Jodey Arrington	R	house	FALSE	TRUE	1	0.7648	0.7139	0.8159
2018-09-25	GA-10	Jody Hice	R	house	FALSE	TRUE	0.9999	0.6739	0.6253	0.7223
2018-09-25	TN-05	Jody M. Ball	R	house	FALSE	FALSE	1e-4	0.3267	0.279	0.3751
2018-09-25	CT-02	Joe Courtney	D	house	FALSE	TRUE	0.9995	0.6397	0.5874	0.6911
2018-09-25	SC-01	Joe Cunningham	D	house	FALSE	FALSE	0.1212	0.4617	0.4194	0.5039
2018-09-25	FL-23	Joe Kaufman	R	house	FALSE	FALSE	3e-4	0.321	0.268	0.3741
2018-09-25	OH-12	Joe Manchik	G	house	FALSE	FALSE	0	0.0263	0.0075	0.0502
2018-09-25	CO-02	Joe Neguse	D	house	FALSE	FALSE	0.9989	0.6209	0.5656	0.6763
2018-09-25	GA-04	Joe Profit	R	house	FALSE	FALSE	0	0.2557	0.2063	0.3051
2018-09-25	MN-08	Joe Radinovich	D	house	FALSE	FALSE	0.4475	0.4747	0.4241	0.5246
2018-09-25	AR-02	Joe Ryne Swafford	L	house	FALSE	FALSE	0	0.0285	0.0083	0.0542
2018-09-25	VA-07	Joe Walton	L	house	FALSE	FALSE	0	0.0274	0.0079	0.0521
2018-09-25	SC-02	Joe Wilson	R	house	FALSE	TRUE	0.9931	0.5939	0.5407	0.647
2018-09-25	NY-09	Joel Anabilah-Azumah	Reform Party	house	FALSE	FALSE	0	0.0329	0.0103	0.0612
2018-09-25	KY-03	John A. Yarmuth	D	house	FALSE	TRUE	0.9959	0.5998	0.5485	0.6503
2018-09-25	CT-01	John B. Larson	D	house	FALSE	TRUE	0.9998	0.6647	0.6131	0.7164
2018-09-25	CA-47	John Briscoe	R	house	FALSE	FALSE	1e-4	0.327	0.2766	0.378
2018-09-25	TX-31	John Carter	R	house	FALSE	TRUE	0.8105	0.5163	0.4688	0.5635
2018-09-25	PA-08	John Chrin	R	house	FALSE	FALSE	0.1234	0.4541	0.4034	0.5052
2018-09-25	TX-07	John Culberson	R	house	FALSE	TRUE	0.5244	0.5022	0.4563	0.5485
2018-09-25	IL-09	John D. Elleson	R	house	FALSE	FALSE	0	0.2718	0.2202	0.3231
2018-09-25	NY-19	John Faso	R	house	FALSE	TRUE	0.4852	0.4823	0.4362	0.5284
2018-09-25	CA-11	John Fitzgerald	R	house	FALSE	FALSE	0	0.2266	0.1757	0.2766
2018-09-25	CA-03	John Garamendi	D	house	FALSE	TRUE	0.9992	0.6429	0.5926	0.6931
2018-09-25	MA-05	John Hugo	R	house	FALSE	FALSE	0	0.2388	0.1865	0.2912
2018-09-25	NJ-05	John J. McCann Jr.	R	house	FALSE	FALSE	0.0421	0.4018	0.3402	0.4627
2018-09-25	PA-13	John Joyce	R	house	FALSE	FALSE	0.9999	0.6901	0.6379	0.742
2018-09-25	NY-24	John Katko	R	house	FALSE	TRUE	0.8467	0.5332	0.4912	0.5754
2018-09-25	GA-05	John Lewis	D	house	FALSE	TRUE	1	1	1	1
2018-09-25	MI-04	John Moolenaar	R	house	FALSE	TRUE	0.9969	0.6269	0.5739	0.6805
2018-09-25	MD-03	John P. Sarbanes	D	house	FALSE	TRUE	0.9999	0.6779	0.6242	0.7314
2018-09-25	CT-05	John Pistone	I	house	FALSE	FALSE	0	0.0309	0.0094	0.0579
2018-09-25	UT-03	John R. Curtis	R	house	FALSE	TRUE	0.9999	0.6308	0.5703	0.6899
2018-09-25	NJ-08	John R. Muniz	R	house	FALSE	FALSE	0	0.1989	0.1449	0.2528
2018-09-25	TX-04	John Ratcliffe	R	house	FALSE	TRUE	1	0.741	0.6867	0.7939
2018-09-25	TN-06	John Rose	R	house	FALSE	FALSE	1	0.6917	0.637	0.746
2018-09-25	FL-04	John Rutherford	R	house	FALSE	TRUE	0.9998	0.6637	0.6111	0.7157
2018-09-25	IL-15	John Shimkus	R	house	FALSE	TRUE	0.9999	0.686	0.632	0.7396
2018-09-25	OR-01	John Verbeek	R	house	FALSE	FALSE	2e-4	0.3108	0.2578	0.3638
2018-09-25	MD-08	John Walsh	R	house	FALSE	FALSE	0	0.2822	0.2288	0.3348
2018-09-25	OH-15	Johnathan Miller	L	house	FALSE	FALSE	0	0.0299	0.009	0.0559
2018-09-25	CA-28	Johnny J. Nalbandian	R	house	FALSE	FALSE	0	0.1884	0.1429	0.2335
2018-09-25	MO-08	Jonathan Shell	L	house	FALSE	FALSE	0	0.0344	0.011	0.0635
2018-09-25	NY-15	José E. Serrano	D	house	FALSE	TRUE	1	0.9479	0.9183	0.9773
2018-09-25	WA-10	Joseph Brumbles	R	house	FALSE	FALSE	8e-4	0.3545	0.305	0.4046
2018-09-25	NY-17	Joseph Ciardullo	REF	house	FALSE	FALSE	3e-4	0.1895	0.1193	0.2642
2018-09-25	NY-14	Joseph Crowley	WOF	house	FALSE	TRUE	0	0.0372	0.0124	0.0679
2018-09-25	NY-25	Joseph D. Morelle	D	house	FALSE	FALSE	0.9991	0.6263	0.5822	0.6707
2018-09-25	TX-21	Joseph Kopser	D	house	FALSE	FALSE	0.1948	0.441	0.3875	0.4931
2018-09-25	MA-04	Joseph P. Kennedy III	D	house	FALSE	TRUE	1	1	1	1
2018-09-25	MA-06	Joseph S. Schneider	R	house	FALSE	FALSE	2e-4	0.2967	0.24	0.3528
2018-09-25	NJ-05	Josh Gottheimer	D	house	FALSE	TRUE	0.9579	0.5634	0.5022	0.6248
2018-09-25	LA-03	Josh Guillory	R	house	FALSE	FALSE	0.1372	0.2111	0.1492	0.2735
2018-09-25	CA-10	Josh Harder	D	house	FALSE	FALSE	0.6824	0.5177	0.4696	0.5664
2018-09-25	AR-03	Josh Mahony	D	house	FALSE	FALSE	0.0014	0.3511	0.2996	0.402
2018-09-25	GA-09	Josh McCall	D	house	FALSE	FALSE	0	0.2083	0.1593	0.257
2018-09-25	CA-32	Joshua M. Scott	R	house	FALSE	FALSE	0	0.1827	0.1362	0.2291
2018-09-25	NJ-04	Joshua Welle	D	house	FALSE	FALSE	0.0599	0.4167	0.3623	0.4706
2018-09-25	OH-03	Joyce Beatty	D	house	FALSE	TRUE	1	0.7302	0.6797	0.7801
2018-09-25	NV-01	Joyce Bentley	R	house	FALSE	FALSE	1e-4	0.2856	0.2289	0.3426
2018-09-25	CA-06	Jrmar Jefferson	D	house	FALSE	FALSE	0	0.216	0.1686	0.2632
2018-09-25	CA-51	Juan M. Hidalgo Jr.	R	house	FALSE	FALSE	0	0.264	0.2078	0.32
2018-09-25	CA-51	Juan Vargas	D	house	FALSE	TRUE	1	0.736	0.68	0.7922
2018-09-25	CA-27	Judy Chu	D	house	FALSE	TRUE	1	0.7548	0.7034	0.8059
2018-09-25	CA-26	Julia Brownley	D	house	FALSE	TRUE	0.9996	0.6687	0.6155	0.7219
2018-09-25	CA-42	Julia C. Peacock	D	house	FALSE	FALSE	0.0253	0.4187	0.3667	0.4701
2018-09-25	TX-25	Julie Oliver	D	house	FALSE	FALSE	0.0663	0.4265	0.3747	0.4781
2018-09-25	IL-18	Junius Rodriguez	D	house	FALSE	FALSE	2e-4	0.3284	0.2786	0.378
2018-09-25	MI-03	Justin Amash	R	house	FALSE	TRUE	0.9823	0.5741	0.521	0.6264
2018-09-25	LA-06	Justin DeWitt	D	house	FALSE	FALSE	2e-4	0.193	0.1265	0.2568
2018-09-25	CA-24	Justin Fareed	R	house	FALSE	FALSE	0.0201	0.417	0.367	0.4667
2018-09-25	CA-19	Justin James Aguilera	R	house	FALSE	FALSE	0	0.1415	0.0986	0.1852
2018-09-25	TN-07	Justin Kanew	D	house	FALSE	FALSE	3e-4	0.3079	0.2533	0.3623
2018-09-25	TX-11	K. Michael Conaway	R	house	FALSE	TRUE	1	0.7798	0.7267	0.8321
2018-09-25	NE-02	Kara Eastman	D	house	FALSE	FALSE	0.4406	0.4943	0.4443	0.5439
2018-09-25	CA-37	Karen Bass	D	house	FALSE	TRUE	1	0.898	0.8596	0.9358
2018-09-25	GA-06	Karen C. Handel	R	house	FALSE	TRUE	0.9339	0.5571	0.5092	0.6057
2018-09-25	CO-04	Karen McCormick	D	house	FALSE	FALSE	0.0287	0.4208	0.36870000000000003	0.4721
2018-09-25	MA-05	Katherine Clark	D	house	FALSE	TRUE	1	0.7612	0.7088	0.8135
2018-09-25	NY-04	Kathleen Rice	D	house	FALSE	TRUE	0.9991	0.6521	0.5987	0.7056
2018-09-25	MT-01	Kathleen Williams	D	house	FALSE	FALSE	0.0888	0.4359	0.3881	0.4834
2018-09-25	FL-14	Kathy Castor	D	house	FALSE	TRUE	1	1	1	1
2018-09-25	MO-08	Kathy Ellis	D	house	FALSE	FALSE	1e-4	0.2768	0.2203	0.3329
2018-09-25	MI-05	Kathy Goodwin	Working Class	house	FALSE	FALSE	0	0.0287	0.0085	0.0544
2018-09-25	NC-13	Kathy Manning	D	house	FALSE	FALSE	0.4952	0.4828	0.4352	0.53
2018-09-25	SC-01	Katie Arrington	R	house	FALSE	FALSE	0.8788	0.5383	0.4961	0.5806
2018-09-25	CA-25	Katie Hill	D	house	FALSE	FALSE	0.6917	0.5177	0.4713	0.5643
2018-09-25	CA-45	Katie Porter	D	house	FALSE	FALSE	0.7172	0.5197	0.475	0.5644
2018-09-25	MO-03	Katy Geppert	D	house	FALSE	FALSE	2e-4	0.3082	0.2558	0.3599
2018-09-25	TX-12	Kay Granger	R	house	FALSE	TRUE	0.9999	0.6602	0.6068	0.7131
2018-09-25	PA-17	Keith Rothfus	R	house	FALSE	TRUE	0.0184	0.4261	0.3829	0.4693
2018-09-25	ND-01	Kelly Armstrong	R	house	FALSE	FALSE	0.9836	0.5614	0.5086	0.6143
2018-09-25	KS-02	Kelly Standley	L	house	FALSE	FALSE	1e-4	0.0402	0.0138	0.0726
2018-09-25	TX-04	Ken Ashby	L	house	FALSE	FALSE	0	0.0324	0.0102	0.06
2018-09-25	CO-04	Ken Buck	R	house	FALSE	TRUE	0.9713	0.5792	0.5279	0.6313
2018-09-25	CA-42	Ken Calvert	R	house	FALSE	TRUE	0.9747	0.5813	0.5299	0.6333
2018-09-25	WI-07	Ken Driessen	DPD	house	FALSE	FALSE	0	0.0301	0.0091	0.0563
2018-09-25	OH-07	Ken Harbaugh	D	house	FALSE	FALSE	0.0926	0.4466	0.394	0.4981
2018-09-25	WI-01	Ken Yorgan	I	house	FALSE	FALSE	2e-4	0.0316	0.0097	0.0593
2018-09-25	WV-01	Kendra Fershee	D	house	FALSE	FALSE	0.001	0.3574	0.3055	0.4091
2018-09-25	OK-05	Kendra Horn	D	house	FALSE	FALSE	0.1901	0.4694	0.4229	0.5147
2018-09-25	CA-34	Kenneth Mejia	G	house	FALSE	FALSE	5e-4	0.1833	0.113	0.257
2018-09-25	KY-05	Kenneth S. Stepp	D	house	FALSE	FALSE	0	0.2567	0.2001	0.3138
2018-09-25	CA-33	Kenneth Weston Wright	R	house	FALSE	FALSE	0	0.2689	0.2136	0.3245
2018-09-25	TX-24	Kenny Marchant	R	house	FALSE	TRUE	0.9545	0.5676	0.5176	0.6171
2018-09-25	TX-08	Kevin Brady	R	house	FALSE	TRUE	1	0.7552	0.703	0.8072
2018-09-25	IL-15	Kevin Gaither	D	house	FALSE	FALSE	1e-4	0.314	0.2604	0.368
2018-09-25	OK-01	Kevin Hern	R	house	FALSE	FALSE	0.9963	0.61240000000000006	0.5629	0.6615
2018-09-25	CA-23	Kevin McCarthy	R	house	FALSE	TRUE	0.9992	0.6455	0.5938	0.6973
2018-09-25	KS-03	Kevin Yoder	R	house	FALSE	TRUE	0.4995	0.4851	0.4352	0.5352
2018-09-25	WA-08	Kim Schrier	D	house	FALSE	FALSE	0.5457	0.5043	0.4566	0.5517
2018-09-25	CA-36	Kimberlin Brown Pelzer	R	house	FALSE	FALSE	0.003	0.3789	0.3278	0.4302
2018-09-25	MI-10	Kimberly Bizon	D	house	FALSE	FALSE	0.0015	0.3469	0.2926	0.401
2018-09-25	FL-15	Kristen Carlson	D	house	FALSE	FALSE	0.3345	0.4856	0.4418	0.5292
2018-09-25	OR-05	Kurt Schrader	D	house	FALSE	TRUE	0.9975	0.6012	0.5472	0.6541
2018-09-25	NC-07	Kyle Horton	D	house	FALSE	FALSE	0.159	0.4477	0.3969	0.4988
2018-09-25	MS-04	Lajena Sheets	REF	house	FALSE	FALSE	0	0.0254	0.0072	0.0484
2018-09-25	TX-05	Lance Gooden	R	house	FALSE	FALSE	0.9994	0.6471	0.5967	0.6978
2018-09-25	IN-08	Larry Bucshon	R	house	FALSE	TRUE	0.9941	0.608	0.5571	0.6588
2018-09-25	NY-27	Larry Piegza	REF	house	FALSE	FALSE	0	0.0336	0.0106	0.0621
2018-09-25	LA-03	Larry Rader	D	house	FALSE	FALSE	1e-4	0.0665	0.0281	0.1102
2018-09-25	CA-13	Laura Wells	G	house	FALSE	FALSE	0	0.1	0.0472	0.1598
2018-09-25	FL-18	Lauren Baer	D	house	FALSE	FALSE	0.1212	0.4595	0.4148	0.5043
2018-09-25	IL-14	Lauren Underwood	D	house	FALSE	FALSE	0.367	0.4882	0.4436	0.5335
2018-09-25	NJ-03	Lawrence Berlinski Jr.	CON	house	FALSE	FALSE	0	0.0246	0.0068	0.0474
2018-09-25	AZ-02	Lea Marquez Peterson	R	house	FALSE	FALSE	0.0696	0.4419	0.3919	0.4916
2018-09-25	LA-01	Lee Ann Dugas	D	house	FALSE	FALSE	0	0.071	0.0305	0.1148
2018-09-25	AL-04	Lee Auman	D	house	FALSE	FALSE	0	0.2321	0.1813	0.283
2018-09-25	UT-01	Lee Castillo	D	house	FALSE	FALSE	4e-4	0.2777	0.2172	0.3368
2018-09-25	TX-21	Lee Santos	L	house	FALSE	FALSE	1e-4	0.0543	0.0213	0.0936
2018-09-25	NY-01	Lee Zeldin	R	house	FALSE	TRUE	0.8734	0.5278	0.479	0.5762
2018-09-25	MI-11	Lena Epstein	R	house	FALSE	FALSE	0.296	0.4599	0.4064	0.5138
2018-09-25	TN-09	Leo AwGoWhat	I	house	FALSE	FALSE	0	0.0318	0.0099	0.0595
2018-09-25	NJ-07	Leonard Lance	R	house	FALSE	TRUE	0.4013	0.4768	0.4275	0.5253
2018-09-25	VA-05	Leslie Cockburn	D	house	FALSE	FALSE	0.5337	0.5033	0.4529	0.5538
2018-09-25	NC-02	Linda Coleman	D	house	FALSE	FALSE	0.3262	0.4708	0.4222	0.5188
2018-09-25	CA-38	Linda Sánchez	D	house	FALSE	TRUE	1	0.714	0.6626	0.7658
2018-09-25	TX-26	Linsey Fagan	D	house	FALSE	FALSE	6e-4	0.334	0.28	0.3877
2018-09-25	DE-01	Lisa Blunt Rochester	D	house	FALSE	TRUE	0.9931	0.6125	0.5594	0.666
2018-09-25	WA-05	Lisa Brown	D	house	FALSE	FALSE	0.2463	0.4773	0.434	0.5204
2018-09-25	GA-01	Lisa M. Ring	D	house	FALSE	FALSE	0.0018	0.377	0.3276	0.4259
2018-09-25	CA-12	Lisa Remmer	R	house	FALSE	FALSE	0	0.0984	0.0583	0.1388
2018-09-25	NY-02	Liuba Grechen Shirley	D	house	FALSE	FALSE	0.1892	0.4504	0.3961	0.5046
2018-09-25	WY-01	Liz Cheney	R	house	FALSE	TRUE	0.9999	0.6626	0.6057	0.719
2018-09-25	MD-02	Liz Matory	R	house	FALSE	FALSE	1e-4	0.2962	0.2422	0.3493
2018-09-25	IN-09	Liz Watson	D	house	FALSE	FALSE	0.2144	0.47	0.4202	0.5203
2018-09-25	TX-07	Lizzie Pannill Fletcher	D	house	FALSE	FALSE	0.4756	0.4978	0.4515	0.5437
2018-09-25	TX-35	Lloyd Doggett	D	house	FALSE	TRUE	0.9999	0.683	0.6272	0.7381
2018-09-25	NM-01	Lloyd Princeton	L	house	FALSE	FALSE	0	0.0482	0.018	0.0849
2018-09-25	PA-11	Lloyd Smucker	R	house	FALSE	TRUE	0.9408	0.5559	0.5106	0.6019
2018-09-25	FL-21	Lois Frankel	D	house	FALSE	TRUE	1	1	1	1
2018-09-25	MA-03	Lori Trahan	D	house	FALSE	FALSE	0.9991	0.637	0.5807	0.692
2018-09-25	TX-03	Lorie Burch	D	house	FALSE	FALSE	0.0085	0.3796	0.325	0.4336
2018-09-25	TX-01	Louie Gohmert	R	house	FALSE	TRUE	0.9999	0.7056	0.6523	0.7594
2018-09-25	CA-40	Lucille Roybal-Allard	D	house	FALSE	TRUE	0.9994	0.7723	0.6953	0.8457
2018-09-25	GA-06	Lucy McBath	D	house	FALSE	FALSE	0.0661	0.4429	0.3943	0.4908
2018-09-25	NY-09	Lutchi Gayot	R	house	FALSE	FALSE	0	0.1366	0.0869	0.1856
2018-09-25	ND-01	Mac Schneider	D	house	FALSE	FALSE	0.0163	0.3879	0.3343	0.4405
2018-09-25	TX-13	Mac Thornberry	R	house	FALSE	TRUE	1	0.7957	0.7447	0.8465
2018-09-25	PA-04	Madeleine Dean	D	house	FALSE	FALSE	0.9978	0.6284	0.5767	0.6798
2018-09-25	AL-03	Mallory Hagan	D	house	FALSE	FALSE	0.0018	0.3746	0.3253	0.424
2018-09-25	CT-05	Manny Santos	R	house	FALSE	FALSE	0.0231	0.4023	0.3498	0.4554
2018-09-25	PA-12	Marc Friedenberg	D	house	FALSE	FALSE	4e-4	0.3349	0.2832	0.3861
2018-09-25	MI-14	Marc S. Herschfus	R	house	FALSE	FALSE	0	0.1757	0.124	0.2275
2018-09-25	TX-33	Marc Veasey	D	house	FALSE	TRUE	1	0.7339	0.6731	0.7935
2018-09-25	OH-11	Marcia L. Fudge	D	house	FALSE	TRUE	1	0.8054	0.7553	0.855
2018-09-25	OH-09	Marcy Kaptur	D	house	FALSE	TRUE	0.9999	0.695	0.645	0.7446
2018-09-25	WI-07	Margaret Engebretson	D	house	FALSE	FALSE	0.0068	0.3787	0.3242	0.4328
2018-09-25	FL-27	Maria Salazar	R	house	FALSE	FALSE	0.1524	0.4402	0.3805	0.4994
2018-09-25	TN-04	Mariah Phillips	D	house	FALSE	FALSE	0.0058	0.3753	0.3215	0.4295
2018-09-25	FL-25	Mario Diaz-Balart	R	house	FALSE	TRUE	0.7155	0.5232	0.4699	0.5764
2018-09-25	NV-02	Mark Amodei	R	house	FALSE	TRUE	0.9889	0.596	0.5455	0.6467
2018-09-25	CO-07	Mark Barrington	R	house	FALSE	FALSE	0.0018	0.3444	0.2908	0.3979
2018-09-25	MO-04	Mark Bliss	L	house	FALSE	FALSE	0	0.0328	0.0103	0.0606
2018-09-25	TX-26	Mark Boler	L	house	FALSE	FALSE	0	0.0303	0.009	0.057
2018-09-25	OR-05	Mark Callahan	R	house	FALSE	FALSE	0.0025	0.3538	0.3004	0.4076
2018-09-25	CA-11	Mark DeSaulnier	D	house	FALSE	TRUE	1	0.7734	0.7234	0.8243
2018-09-25	TN-07	Mark E. Green	R	house	FALSE	FALSE	0.9997	0.6522	0.5971	0.7065
2018-09-25	LA-04	Mark Halverson	I	house	FALSE	FALSE	0	0.0276	0.008	0.0524
2018-09-25	NC-09	Mark Harris	R	house	FALSE	FALSE	0.3576	0.4694	0.4209	0.5177
2018-09-25	ME-01	Mark Holbrook	R	house	FALSE	FALSE	0.0026	0.3517	0.2956	0.408
2018-09-25	IN-01	Mark Leyva	R	house	FALSE	FALSE	1e-4	0.3126	0.2626	0.3634
2018-09-25	NC-11	Mark Meadows	R	house	FALSE	TRUE	0.9953	0.6026	0.5489	0.6558
2018-09-25	WI-02	Mark Pocan	D	house	FALSE	TRUE	1	1	1	1
2018-09-25	OR-02	Mark Roberts	IPO	house	FALSE	FALSE	0	0.0429	0.0153	0.0763
2018-09-25	CA-30	Mark S. Reed	R	house	FALSE	FALSE	0	0.2353	0.1862	0.2844
2018-09-25	CA-41	Mark Takano	D	house	FALSE	TRUE	0.9998	0.6727	0.6194	0.7252
2018-09-25	NC-06	Mark Walker	R	house	FALSE	TRUE	0.7951	0.5333	0.4813	0.5854
2018-09-25	IL-04	Mark Wayne Lorch	R	house	FALSE	FALSE	0	0.1484	0.1002	0.1961
2018-09-25	OK-02	Markwayne Mullin	R	house	FALSE	TRUE	0.9998	0.6624	0.6079	0.7166
2018-09-25	CA-09	Marla Livengood	R	house	FALSE	FALSE	0.0014	0.3645	0.3142	0.4151
2018-09-25	AL-02	Martha Roby	R	house	FALSE	TRUE	0.9781	0.5848	0.5329	0.6364
2018-09-25	ME-01	Marty Grohman	I	house	FALSE	FALSE	0	0.0344	0.0109	0.0637
2018-09-25	PA-07	Marty Nothstein	R	house	FALSE	FALSE	0.0591	0.4278	0.3795	0.4763
2018-09-25	TN-01	Marty Olsen	D	house	FALSE	FALSE	0	0.2342	0.1804	0.2882
2018-09-25	FL-25	Mary Barzee Flores	D	house	FALSE	FALSE	0.2845	0.4768	0.4236	0.5301
2018-09-25	OK-04	Mary Brannon	D	house	FALSE	FALSE	2e-4	0.3033	0.2515	0.3545
2018-09-25	PA-05	Mary Gay Scanlon	D	house	FALSE	FALSE	0.9999	0.6857	0.6347	0.7364
2018-09-25	SC-03	Mary Geren	D	house	FALSE	FALSE	0.0011	0.3456	0.2926	0.3988
2018-09-25	MA-06	Mary Jean Charbonneau	I	house	FALSE	FALSE	0	0.0325	0.0102	0.0602
2018-09-25	TX-31	Mary Jennings Hegar	D	house	FALSE	FALSE	0.1895	0.4551	0.4075	0.502
2018-09-25	PA-08	Matt Cartwright	D	house	FALSE	TRUE	0.8766	0.5459	0.4948	0.5966
2018-09-25	FL-01	Matt Gaetz	R	house	FALSE	TRUE	1	0.6998	0.6507	0.7496
2018-09-25	MI-06	Matt Longjohn	D	house	FALSE	FALSE	0.1416	0.4505	0.4053	0.4956
2018-09-25	MI-01	Matt Morgan	D	house	FALSE	FALSE	0.1771	0.461	0.4075	0.5154
2018-09-25	MS-03	Matthew Holland	REF	house	FALSE	FALSE	0	0.0337	0.0107	0.0621
2018-09-25	NY-11	Max N. Rose	D	house	FALSE	FALSE	0.2456	0.4581	0.403	0.5133
2018-09-25	CA-43	Maxine Waters	D	house	FALSE	TRUE	1	0.7924	0.7402	0.8438
2018-09-25	FL-27	Mayra Joli	NPA	house	FALSE	FALSE	0	0.0279	0.0082	0.0532
2018-09-25	IN-02	Mel Hall	D	house	FALSE	FALSE	0.06	0.4361	0.3841	0.488
2018-09-25	TX-32	Melina Baker	L	house	FALSE	FALSE	0	0.024	0.0065	0.0466
2018-09-25	UT-04	Mia Love	R	house	FALSE	TRUE	0.8231	0.5322	0.4874	0.5768
2018-09-25	OR-04	Michael Bellstein	G	house	FALSE	FALSE	0	0.0403	0.014	0.0723
2018-09-25	TX-26	Michael Burgess	R	house	FALSE	TRUE	0.9994	0.6357	0.582	0.6899
2018-09-25	SC-05	Michael Chandler	CON	house	FALSE	FALSE	0	0.0281	0.0082	0.0532
2018-09-25	TX-27	Michael Cloud	R	house	FALSE	TRUE	0.9976	0.6111	0.5566	0.6658
2018-09-25	MS-03	Michael Guest	R	house	FALSE	FALSE	0.9949	0.5874	0.5367	0.638
2018-09-25	AR-03	Michael Kalagias	L	house	FALSE	FALSE	1e-4	0.0354	0.0114	0.0652
2018-09-25	MA-03	Michael P. Mullen	I	house	FALSE	FALSE	0	0.0384	0.0129	0.0695
2018-09-25	TN-01	Michael Salyer	I	house	FALSE	FALSE	0	0.0322	0.0099	0.0597
2018-09-25	TN-04	Michael Shupe	I	house	FALSE	FALSE	0	0.0307	0.0093	0.0573
2018-09-25	TX-10	Michael T. McCaul	R	house	FALSE	TRUE	0.9744	0.5656	0.5132	0.6177
2018-09-25	MS-03	Michael Ted Evans	D	house	FALSE	FALSE	0.0051	0.379	0.3276	0.4294
2018-09-25	OH-10	Michael Turner	R	house	FALSE	TRUE	0.9377	0.5459	0.4939	0.5975
2018-09-25	FL-06	Michael Waltz	R	house	FALSE	FALSE	0.7322	0.5201	0.4782	0.5625
2018-09-25	TX-19	Miguel Levario	D	house	FALSE	FALSE	0	0.2352	0.1841	0.2861
2018-09-25	MI-08	Mike Bishop	R	house	FALSE	TRUE	0.5578	0.4897	0.4407	0.5388
2018-09-25	IL-12	Mike Bost	R	house	FALSE	TRUE	0.5753	0.4911	0.4437	0.5383
2018-09-25	CO-06	Mike Coffman	R	house	FALSE	TRUE	0.1873	0.4523	0.4056	0.4987
2018-09-25	PA-18	Mike Doyle	D	house	FALSE	TRUE	1	1	1	1
2018-09-25	WI-08	Mike Gallagher	R	house	FALSE	TRUE	0.9943	0.6114	0.5602	0.6631
2018-09-25	LA-04	Mike Johnson	R	house	FALSE	TRUE	0.9986	0.6191	0.5649	0.6728
2018-09-25	PA-16	Mike Kelly	R	house	FALSE	TRUE	0.9577	0.5512	0.5039	0.5983
2018-09-25	CA-49	Mike Levin	D	house	FALSE	FALSE	0.9157	0.5475	0.5034	0.591
2018-09-25	FL-07	Mike Miller	R	house	FALSE	FALSE	0.0607	0.4381	0.3885	0.4888
2018-09-25	KY-04	Mike Moffett	I	house	FALSE	FALSE	0	0.0302	0.0091	0.0566
2018-09-25	IL-05	Mike Quigley	D	house	FALSE	TRUE	1	0.7478	0.6958	0.7994
2018-09-25	AL-03	Mike Rogers	R	house	FALSE	TRUE	0.9982	0.6254	0.576	0.6747
2018-09-25	TX-10	Mike Ryan	L	house	FALSE	FALSE	0	0.0287	0.0084	0.0544
2018-09-25	TX-10	Mike Siegel	D	house	FALSE	FALSE	0.0256	0.4057	0.3531	0.4575
2018-09-25	ID-02	Mike Simpson	R	house	FALSE	TRUE	0.998	0.6365	0.5825	0.6912
2018-09-25	CA-05	Mike Thompson	D	house	FALSE	TRUE	0.9998	0.8031	0.7277	0.8742
2018-09-25	NJ-11	Mikie Sherrill	D	house	FALSE	FALSE	0.7636	0.509	0.455	0.5628
2018-09-25	LA-03	Mimi Methvin	D	house	FALSE	FALSE	8e-4	0.1332	0.0759	0.1929
2018-09-25	CA-45	Mimi Walters	R	house	FALSE	TRUE	0.2828	0.4803	0.4356	0.525
2018-09-25	AL-05	Mo Brooks	R	house	FALSE	TRUE	0.9985	0.6369	0.586	0.6875
2018-09-25	VA-09	Morgan Griffith	R	house	FALSE	TRUE	0.9932	0.6119	0.5574	0.6663
2018-09-25	CA-53	Morgan Murtaugh	R	house	FALSE	FALSE	0	0.3123	0.2628	0.3623
2018-09-25	CA-12	Nancy Pelosi	D	house	FALSE	TRUE	1	0.9016	0.8612	0.9417
2018-09-25	FL-06	Nancy Soderberg	D	house	FALSE	FALSE	0.2678	0.4799	0.4375	0.5218
2018-09-25	CA-44	Nanette Diaz Barragán	D	house	FALSE	TRUE	1	0.7264	0.6718	0.7815
2018-09-25	NY-10	Naomi Levin	R	house	FALSE	FALSE	0	0.1992	0.1458	0.2527
2018-09-25	NY-27	Nate McMurray	D	house	FALSE	FALSE	0.1803	0.4464	0.3914	0.5006
2018-09-25	FL-02	Neal Dunn	R	house	FALSE	TRUE	0.9996	0.6642	0.6121	0.7161
2018-09-25	AZ-03	Nick Pierson	R	house	FALSE	FALSE	1e-4	0.30620000000000003	0.252	0.3608
2018-09-25	IL-11	Nick Stella	R	house	FALSE	FALSE	3e-4	0.325	0.2739	0.3765
2018-09-25	FL-22	Nicolas Kimaz	R	house	FALSE	FALSE	9e-4	0.3519	0.3011	0.4032
2018-09-25	NY-17	Nita Lowey	D	house	FALSE	TRUE	0.9997	0.8105	0.7358	0.8807
2018-09-25	CA-35	Norma Torres	D	house	FALSE	TRUE	1	0.7339	0.6818	0.7858
2018-09-25	NY-07	Nydia M. Velázquez	D	house	FALSE	TRUE	1	0.8962	0.8348	0.95
2018-09-25	CA-43	Omar Navarro	R	house	FALSE	FALSE	0	0.2076	0.1562	0.2598
2018-09-25	CA-52	Omar Qudrat	R	house	FALSE	FALSE	0.001	0.3572	0.3046	0.4099
2018-09-25	RI-01	Patrick Donovan	R	house	FALSE	FALSE	1e-4	0.2893	0.2365	0.3424
2018-09-25	NC-10	Patrick T. McHenry	R	house	FALSE	TRUE	0.9975	0.6225	0.5721	0.6723
2018-09-25	AZ-04	Paul A. Gosar	R	house	FALSE	TRUE	0.9996	0.6444	0.5872	0.7016
2018-09-25	CA-08	Paul Cook	R	house	FALSE	TRUE	0.9746	0.606	0.5363	0.6761
2018-09-25	NY-20	Paul D. Tonko	D	house	FALSE	TRUE	0.9999	0.6864	0.6361	0.7369
2018-09-25	KS-02	Paul Davis	D	house	FALSE	FALSE	0.4855	0.4789	0.4324	0.5246
2018-09-25	NJ-01	Paul E. Dilks	R	house	FALSE	FALSE	1e-4	0.2959	0.2431	0.3481
2018-09-25	MI-10	Paul Mitchell	R	house	FALSE	TRUE	0.9985	0.619	0.5646	0.6728
2018-09-25	NE-03	Paul Theobald	D	house	FALSE	FALSE	0	0.2842	0.2318	0.3362
2018-09-25	KY-01	Paul Walker	D	house	FALSE	FALSE	2e-4	0.3193	0.2666	0.3715
2018-09-25	NC-12	Paul Wright	R	house	FALSE	FALSE	0	0.294	0.2442	0.3434
2018-09-25	PA-05	Pearl Kim	R	house	FALSE	FALSE	1e-4	0.3143	0.2636	0.3653
2018-09-25	NY-01	Perry Gershon	D	house	FALSE	FALSE	0.1266	0.4448	0.3958	0.4934
2018-09-25	CA-31	Pete Aguilar	D	house	FALSE	TRUE	0.9978	0.6265	0.5752	0.6774
2018-09-25	NY-02	Pete King	R	house	FALSE	TRUE	0.8108	0.5223	0.468	0.5763
2018-09-25	TX-22	Pete Olson	R	house	FALSE	TRUE	0.856	0.5266	0.4722	0.58
2018-09-25	TX-32	Pete Sessions	R	house	FALSE	TRUE	0.7414	0.511	0.4628	0.5592
2018-09-25	MN-08	Pete Stauber	R	house	FALSE	FALSE	0.5525	0.4841	0.4336	0.5345
2018-09-25	VA-04	Pete Wells	L	house	FALSE	FALSE	0	0.03	0.009	0.0562
2018-09-25	TX-17	Peter Churchman	L	house	FALSE	FALSE	0	0.0293	0.0087	0.0551
2018-09-25	MA-09	Peter D. Tedeschi	R	house	FALSE	FALSE	0.0052	0.3821	0.3283	0.4359
2018-09-25	OR-04	Peter DeFazio	D	house	FALSE	TRUE	0.9938	0.587	0.534	0.64
2018-09-25	IL-06	Peter J. Roskam	R	house	FALSE	TRUE	0.6861	0.517	0.4709	0.5637
2018-09-25	AL-05	Peter Joffrion	D	house	FALSE	FALSE	0.0015	0.3631	0.3125	0.414
2018-09-25	IN-01	Peter Visclosky	D	house	FALSE	TRUE	0.9999	0.6874	0.6366	0.73740000000000006
2018-09-25	VT-01	Peter Welch	D	house	FALSE	TRUE	1	0.7677	0.7142	0.8207
2018-09-25	CO-02	Peter Yu	R	house	FALSE	FALSE	0.0011	0.3327	0.2769	0.3876
2018-09-25	TN-01	Phil Roe	R	house	FALSE	TRUE	1	0.7336	0.6785	0.7872
2018-09-25	MI-14	Philip Kolody	Working Class	house	FALSE	FALSE	0	0.0336	0.0106	0.062
2018-09-25	TX-29	Phillip Aronoff	R	house	FALSE	FALSE	0	0.2529	0.1918	0.3149
2018-09-25	NC-11	Phillip G. Price	D	house	FALSE	FALSE	0.0047	0.3693	0.3159	0.4227
2018-09-25	WA-07	Pramila Jayapal	D	house	FALSE	TRUE	1	0.8372	0.7899	0.8848
2018-09-25	IL-08	Raja Krishnamoorthi	D	house	FALSE	TRUE	0.9998	0.6736	0.6204	0.7264
2018-09-25	LA-05	Ralph Abraham	R	house	FALSE	TRUE	0.9996	0.6339	0.5812	0.687
2018-09-25	SC-05	Ralph Norman	R	house	FALSE	TRUE	0.9779	0.5675	0.5158	0.6188
2018-09-25	IL-12	Randy Auxier	G	house	FALSE	FALSE	0	0.0313	0.0096	0.0585
2018-09-25	WI-01	Randy Bryce	D	house	FALSE	FALSE	0.2026	0.4574	0.4125	0.5016
2018-09-25	IL-14	Randy Hultgren	R	house	FALSE	TRUE	0.633	0.5118	0.4665	0.5564
2018-09-25	MS-01	Randy Wadkins	D	house	FALSE	FALSE	8e-4	0.3587	0.3101	0.4077
2018-09-25	TX-14	Randy Weber	R	house	FALSE	TRUE	0.98740000000000006	0.5809	0.5273	0.6348
2018-09-25	MI-13	Rashida Tlaib	D	house	FALSE	FALSE	1	0.8546	0.7843	0.9188
2018-09-25	AZ-03	Raul Grijalva	D	house	FALSE	TRUE	0.9999	0.6938	0.6392	0.748
2018-09-25	CA-36	Raul Ruiz	D	house	FALSE	TRUE	0.997	0.6211	0.5698	0.6722
2018-09-25	MN-08	Ray Skip Sandman	Independence Party	house	FALSE	FALSE	1e-4	0.0411	0.0143	0.0742
2018-09-25	MO-04	Renee Hoagenson	D	house	FALSE	FALSE	8e-4	0.3438	0.2928	0.3937
2018-09-25	TN-02	Renee Hoyos	D	house	FALSE	FALSE	3e-4	0.3083	0.2546	0.3611
2018-09-25	NY-26	Renee Zeno	R	house	FALSE	FALSE	0	0.2702	0.2205	0.3202
2018-09-25	TX-34	Rey Gonzalez	R	house	FALSE	FALSE	5e-4	0.3245	0.2675	0.3811
2018-09-25	TX-11	Rhett Rosenquest Smith	L	house	FALSE	FALSE	0	0.0331	0.0104	0.0613
2018-09-25	MA-01	Richard E. Neal	D	house	FALSE	TRUE	1	1	1	1
2018-09-25	NC-08	Richard Hudson	R	house	FALSE	TRUE	0.8615	0.5423	0.492	0.5925
2018-09-25	NJ-06	Richard J. Pezzullo	R	house	FALSE	FALSE	2e-4	0.3204	0.2693	0.3725
2018-09-25	WV-03	Richard Ojeda	D	house	FALSE	FALSE	0.0974	0.4406	0.3819	0.4993
2018-09-25	MD-07	Richmond Davis	R	house	FALSE	FALSE	0	0.2019	0.151	0.2529
2018-09-25	GA-12	Rick Allen	R	house	FALSE	TRUE	0.985	0.5925	0.5411	0.644
2018-09-25	AR-01	Rick Crawford	R	house	FALSE	TRUE	0.9993	0.6276	0.5737	0.6812
2018-09-25	MA-03	Rick Green	R	house	FALSE	FALSE	8e-4	0.3245	0.2691	0.38
2018-09-25	TX-17	Rick Kennedy	D	house	FALSE	FALSE	0.0044	0.3718	0.3192	0.4235
2018-09-25	WA-02	Rick Larsen	D	house	FALSE	TRUE	0.9993	0.774	0.6982	0.8474
2018-09-25	OH-15	Rick Neal	D	house	FALSE	FALSE	0.023	0.4047	0.3528	0.4564
2018-09-25	TX-16	Rick Seeberger	R	house	FALSE	FALSE	0	0.2693	0.212	0.3263
2018-09-25	TN-03	Rick Tyler	I	house	FALSE	FALSE	0	0.0302	0.0092	0.0565
2018-09-25	CA-17	Ro Khanna	D	house	FALSE	TRUE	1	0.7946	0.737	0.8521
2018-09-25	LA-03	Rob Anderson	D	house	FALSE	FALSE	1e-4	0.0717	0.0315	0.1169
2018-09-25	UT-01	Rob Bishop	R	house	FALSE	TRUE	0.9996	0.6159	0.5555	0.6755
2018-09-25	MI-02	Rob Davidson	D	house	FALSE	FALSE	0.0506	0.4192	0.3661	0.4716
2018-09-25	GA-07	Rob Woodall	R	house	FALSE	TRUE	0.6745	0.5151	0.4717	0.5587
2018-09-25	MO-01	Robb Cunningham	L	house	FALSE	FALSE	0	0.0349	0.0112	0.0644
2018-09-25	AL-04	Robert B. Aderholt	R	house	FALSE	TRUE	1	0.7679	0.717	0.8187
2018-09-25	VA-03	Robert C. Scott	D	house	FALSE	TRUE	1	1	1	1
2018-09-25	OH-05	Robert E. Latta	R	house	FALSE	TRUE	0.9977	0.6092	0.5569	0.6613
2018-09-25	VA-01	Robert J. Wittman	R	house	FALSE	TRUE	0.9868	0.5906	0.541	0.6407
2018-09-25	AL-01	Robert Kennedy Jr.	D	house	FALSE	FALSE	5e-4	0.3489	0.2995	0.3986
2018-09-25	WI-04	Robert R. Raymond	I	house	FALSE	FALSE	0	0.0331	0.0104	0.0616
2018-09-25	MO-01	Robert Vroman	R	house	FALSE	FALSE	0	0.203	0.1502	0.2559
2018-09-25	SC-07	Robert Williams	D	house	FALSE	FALSE	0.0097	0.4018	0.3515	0.4525
2018-09-25	IL-02	Robin Kelly	D	house	FALSE	TRUE	1	0.8121	0.7633	0.8599
2018-09-25	IA-01	Rod Blum	R	house	FALSE	TRUE	0.0293	0.4171	0.3705	0.4639
2018-09-25	IL-13	Rodney Davis	R	house	FALSE	TRUE	0.6814	0.5157	0.4718	0.5595
2018-09-25	CA-40	Rodolfo Cortes Barragan	G	house	FALSE	FALSE	6e-4	0.2277	0.1543	0.3047
2018-09-25	NC-01	Roger Allison	R	house	FALSE	FALSE	1e-4	0.2831	0.2327	0.3339
2018-09-25	KS-01	Roger Marshall	R	house	FALSE	TRUE	1	0.7135	0.6634	0.7631
2018-09-25	TX-25	Roger Williams	R	house	FALSE	TRUE	0.9337	0.5443	0.4925	0.5957
2018-09-25	CA-17	Ron Cohen	R	house	FALSE	FALSE	0	0.2054	0.1479	0.263
2018-09-25	PA-16	Ron DiNicola	D	house	FALSE	FALSE	0.0422	0.4259	0.3781	0.4732
2018-09-25	KS-04	Ron Estes	R	house	FALSE	TRUE	0.8157	0.5351	0.4844	0.5854
2018-09-25	CA-37	Ron J. Bassilian	R	house	FALSE	FALSE	0	0.102	0.0642	0.1404
2018-09-25	WI-03	Ron Kind	D	house	FALSE	TRUE	0.9956	0.6167	0.5655	0.6682
2018-09-25	TX-06	Ron Wright	R	house	FALSE	FALSE	0.9292	0.5336	0.4883	0.5785
2018-09-25	MI-02	Ronald E. Graeser	US Taxpayers	house	FALSE	FALSE	0	0.0295	0.0089	0.0555
2018-09-25	CA-20	Ronald Paul Kabat	I	house	FALSE	FALSE	8e-4	0.2322	0.1584	0.3092
2018-09-25	CT-03	Rosa L. DeLauro	D	house	FALSE	TRUE	0.9999	0.6983	0.6486	0.7481
2018-09-25	FL-15	Ross Spano	R	house	FALSE	FALSE	0.6655	0.5144	0.4708	0.5582
2018-09-25	TX-23	Ruben Corvalan	L	house	FALSE	FALSE	0	0.0236	0.0064	0.0456
2018-09-25	AZ-07	Ruben Gallego	D	house	FALSE	TRUE	0.9998	0.8637	0.7954	0.926
2018-09-25	OK-04	Ruby Peters	I	house	FALSE	FALSE	0	0.0283	0.0084	0.0536
2018-09-25	CA-15	Rudy L. Peters Jr.	R	house	FALSE	FALSE	0	0.2317	0.1811	0.2821
2018-09-25	ID-01	Russ Fulcher	R	house	FALSE	FALSE	0.9939	0.5794	0.5085	0.6505
2018-09-25	CA-46	Russell Rene Lambert	R	house	FALSE	FALSE	0	0.2808	0.2286	0.3335
2018-09-25	CA-38	Ryan Downing	R	house	FALSE	FALSE	0	0.286	0.2342	0.3374
2018-09-25	VA-04	Ryan McAdams	R	house	FALSE	FALSE	6e-4	0.3379	0.2853	0.3906
2018-09-25	LA-04	Ryan Trundle	D	house	FALSE	FALSE	0.0014	0.3533	0.2998	0.4077
2018-09-25	NC-06	Ryan Watts	D	house	FALSE	FALSE	0.2049	0.4667	0.4146	0.5187
2018-09-25	CA-24	Salud Carbajal	D	house	FALSE	TRUE	0.9799	0.583	0.5333	0.633
2018-09-25	RI-02	Salvatore Caiozzo	R	house	FALSE	FALSE	2e-4	0.3156	0.2631	0.3676
2018-09-25	MO-06	Sam Graves	R	house	FALSE	TRUE	0.9996	0.641	0.5886	0.6934
2018-09-25	GA-02	Sanford D. Bishop Jr.	D	house	FALSE	TRUE	0.9992	0.6449	0.594	0.6951
2018-09-25	FL-08	Sanjay Patel	D	house	FALSE	FALSE	0.0144	0.4075	0.3557	0.4593
2018-09-25	IL-16	Sara Dady	D	house	FALSE	FALSE	0.0165	0.4099	0.358	0.4616
2018-09-25	WA-09	Sarah Smith	D	house	FALSE	FALSE	0.0182	0.3869	0.3172	0.4562
2018-09-25	TN-04	Scott DesJarlais	R	house	FALSE	TRUE	0.9942	0.5941	0.5396	0.6475
2018-09-25	NY-12	Scott Hutchins	G	house	FALSE	FALSE	0	0.0324	0.0101	0.0602
2018-09-25	PA-10	Scott Perry	R	house	FALSE	TRUE	0.7702	0.5248	0.4806	0.5692
2018-09-25	CA-52	Scott Peters	D	house	FALSE	TRUE	0.999	0.6428	0.5901	0.6954
2018-09-25	VA-02	Scott Taylor	R	house	FALSE	TRUE	0.6468	0.5125	0.4696	0.5549
2018-09-25	CO-03	Scott Tipton	R	house	FALSE	TRUE	0.6099	0.4895	0.434	0.5442
2018-09-25	DE-01	Scott Walker	R	house	FALSE	FALSE	0.0069	0.3875	0.334	0.4406
2018-09-25	PA-01	Scott Wallace	D	house	FALSE	FALSE	0.2554	0.4774	0.4326	0.5224
2018-09-25	SC-02	Sean Carrigan	D	house	FALSE	FALSE	0.0069	0.3779	0.3242	0.4309
2018-09-25	IL-06	Sean Casten	D	house	FALSE	FALSE	0.3139	0.483	0.4363	0.5291
2018-09-25	CA-31	Sean Flynn	R	house	FALSE	FALSE	0.0022	0.3735	0.3226	0.4248
2018-09-25	WI-07	Sean P. Duffy	R	house	FALSE	TRUE	0.9932	0.5912	0.5374	0.6453
2018-09-25	NY-18	Sean Patrick Maloney	D	house	FALSE	TRUE	0.9892	0.5987	0.547	0.6506
2018-09-25	NJ-02	Seth Grossman	R	house	FALSE	FALSE	0.0266	0.4005	0.3475	0.4537
2018-09-25	KY-04	Seth Hall	D	house	FALSE	FALSE	5e-4	0.3395	0.2885	0.3896
2018-09-25	MA-06	Seth Moulton	D	house	FALSE	TRUE	0.9998	0.6708	0.6146	0.7274
2018-09-25	KS-03	Sharice Davids	D	house	FALSE	FALSE	0.5004	0.4854	0.435	0.5351
2018-09-25	TX-30	Shawn Jones	L	house	FALSE	FALSE	0	0.1184	0.0601	0.1837
2018-09-25	OH-06	Shawna Roberts	D	house	FALSE	FALSE	2e-4	0.3173	0.2641	0.3698
2018-09-25	TX-18	Sheila Jackson Lee	D	house	FALSE	TRUE	1	0.7533	0.6977	0.8093
2018-09-25	UT-02	Shireen Ghorbani	D	house	FALSE	FALSE	0.0125	0.3653	0.309	0.4204
2018-09-25	TX-01	Shirley McKellar	D	house	FALSE	FALSE	0	0.2626	0.2085	0.3161
2018-09-25	SC-02	Sonny Narang	AME	house	FALSE	FALSE	0	0.0283	0.0083	0.0535
2018-09-25	TX-22	Sri Preston Kulkarni	D	house	FALSE	FALSE	0.144	0.4411	0.387	0.495
2018-09-25	MD-05	Steny H. Hoyer	D	house	FALSE	TRUE	1	0.7003	0.6488	0.7508
2018-09-25	FL-07	Stephanie Murphy	D	house	FALSE	TRUE	0.9393	0.5619	0.5112	0.6115
2018-09-25	CO-05	Stephany Rose Spaulding	D	house	FALSE	FALSE	0.0199	0.4129	0.3606	0.4653
2018-09-25	MA-08	Stephen F. Lynch	D	house	FALSE	TRUE	1	1	1	1
2018-09-25	MI-06	Stephen J. Young	US Taxpayers	house	FALSE	FALSE	0	0.0266	0.0077	0.0504
2018-09-25	VA-11	Stevan Porter	L	house	FALSE	FALSE	0	0.0312	0.0094	0.0582
2018-09-25	OH-01	Steve Chabot	R	house	FALSE	TRUE	0.4256	0.4788	0.4323	0.525
2018-09-25	TN-09	Steve Cohen	D	house	FALSE	TRUE	1	0.763	0.7068	0.8185
2018-09-25	AZ-09	Steve Ferrara	R	house	FALSE	FALSE	0.0071	0.3961	0.3459	0.4467
2018-09-25	IA-04	Steve King	R	house	FALSE	TRUE	0.8867	0.5247	0.4735	0.575
2018-09-25	CA-25	Steve Knight	R	house	FALSE	TRUE	0.3083	0.4823	0.4357	0.5287
2018-09-25	OK-05	Steve Russell	R	house	FALSE	TRUE	0.8099	0.5306	0.4853	0.5771
2018-09-25	LA-01	Steve Scalise	R	house	FALSE	TRUE	0.9999	0.6836	0.6024	0.7703
2018-09-25	OH-15	Steve Stivers	R	house	FALSE	TRUE	0.977	0.5655	0.5133	0.617
2018-09-25	WI-03	Steve Toft	R	house	FALSE	FALSE	0.0044	0.3833	0.3318	0.4345
2018-09-25	NC-04	Steve Von Loor	R	house	FALSE	FALSE	0	0.2319	0.1813	0.2822
2018-09-25	KS-02	Steve Watkins	R	house	FALSE	FALSE	0.5145	0.481	0.4348	0.5269
2018-09-25	AR-03	Steve Womack	R	house	FALSE	TRUE	0.9985	0.6136	0.5619	0.6652
2018-09-25	NV-04	Steven A. Horsford	D	house	FALSE	FALSE	0.8774	0.5177	0.4653	0.5699
2018-09-25	TX-08	Steven David	D	house	FALSE	FALSE	0	0.2124	0.16	0.2648
2018-09-25	GA-14	Steven Lamar Foster	D	house	FALSE	FALSE	0	0.2314	0.1822	0.2804
2018-09-25	NH-02	Steven Negron	R	house	FALSE	FALSE	0.0113	0.3818	0.3269	0.4366
2018-09-25	MS-04	Steven Palazzo	R	house	FALSE	TRUE	0.9936	0.5922	0.5403	0.6443
2018-09-25	OH-09	Steven W. Kraus	R	house	FALSE	FALSE	1e-4	0.305	0.2554	0.355
2018-09-25	PA-15	Susan Boser	D	house	FALSE	FALSE	0	0.2868	0.2337	0.3398
2018-09-25	CA-53	Susan Davis	D	house	FALSE	TRUE	1	0.6877	0.6377	0.7372
2018-09-25	OH-16	Susan Moran Palmer	D	house	FALSE	FALSE	0.0488	0.4319	0.3805	0.4835
2018-09-25	MN-04	Susan Pendergast Sindt	Legal Marijuana Now	house	FALSE	FALSE	0	0.0369	0.0122	0.0675
2018-09-25	IN-05	Susan W. Brooks	R	house	FALSE	TRUE	0.9904	0.595	0.5459	0.6443
2018-09-25	PA-07	Susan Wild	D	house	FALSE	FALSE	0.9409	0.5428	0.4942	0.5908
2018-09-25	NV-03	Susie Lee	D	house	FALSE	FALSE	0.7234	0.4967	0.4428	0.5505
2018-09-25	WA-01	Suzan DelBene	D	house	FALSE	TRUE	0.9982	0.6335	0.5825	0.6853
2018-09-25	OR-01	Suzanne Bonamici	D	house	FALSE	TRUE	0.9998	0.6467	0.5935	0.6997
2018-09-25	TX-29	Sylvia R. Garcia	D	house	FALSE	FALSE	1	0.7117	0.6492	0.7726
2018-09-25	GA-10	Tabitha A. Johnson-Green	D	house	FALSE	FALSE	1e-4	0.3261	0.2777	0.3747
2018-09-25	AL-02	Tabitha Isner	D	house	FALSE	FALSE	0.0219	0.4152	0.3636	0.4671
2018-09-25	WV-02	Talley Sergent	D	house	FALSE	FALSE	0.0528	0.4117	0.3574	0.4652
2018-09-25	LA-01	Tammy M. Savoie	D	house	FALSE	FALSE	0	0.0989	0.0492	0.151
2018-09-25	CA-23	Tatiana Matta	D	house	FALSE	FALSE	8e-4	0.3545	0.3027	0.4062
2018-09-25	NC-13	Ted Budd	R	house	FALSE	TRUE	0.5048	0.4837	0.4359	0.5312
2018-09-25	FL-22	Ted Deutch	D	house	FALSE	TRUE	0.9991	0.6481	0.5968	0.6989
2018-09-25	MI-03	Ted Gerrard	US Taxpayers	house	FALSE	FALSE	0	0.0289	0.0085	0.0545
2018-09-25	CA-33	Ted Lieu	D	house	FALSE	TRUE	1	0.7311	0.6755	0.7864
2018-09-25	FL-03	Ted Yoho	R	house	FALSE	TRUE	0.9877	0.5953	0.5438	0.6468
2018-09-25	NY-21	Tedra L. Cobb	D	house	FALSE	FALSE	0.0628	0.4178	0.3612	0.4745
2018-09-25	AL-07	Terri A. Sewell	D	house	FALSE	TRUE	1	1	1	1
2018-09-25	OH-10	Theresa A. Gasper	D	house	FALSE	FALSE	0.0622	0.4248	0.3732	0.4764
2018-09-25	KY-02	Thomas Loecken	I	house	FALSE	FALSE	0	0.0304	0.0092	0.0571
2018-09-25	KY-04	Thomas Massie	R	house	FALSE	TRUE	0.9994	0.6303	0.58	0.6815
2018-09-25	VA-08	Thomas Oh	R	house	FALSE	FALSE	0	0.2432	0.1912	0.2956
2018-09-25	IL-01	Thomas Rudbeck	I	house	FALSE	FALSE	0	0.0348	0.0112	0.0636
2018-09-25	NY-03	Thomas Suozzi	D	house	FALSE	TRUE	0.9941	0.6136	0.5598	0.6678
2018-09-25	SD-01	Tim Bjorkman	D	house	FALSE	FALSE	0.0135	0.3899	0.3382	0.4411
2018-09-25	TN-02	Tim Burchett	R	house	FALSE	FALSE	0.9997	0.6439	0.5912	0.6968
2018-09-25	CA-08	Tim Donnelly	R	house	FALSE	FALSE	0.0254	0.394	0.3239	0.4637
2018-09-25	OK-01	Tim Gilpin	D	house	FALSE	FALSE	0.0037	0.3876	0.3385	0.4371
2018-09-25	WI-04	Tim Rogers	R	house	FALSE	FALSE	0	0.2186	0.1652	0.2712
2018-09-25	OH-13	Tim Ryan	D	house	FALSE	TRUE	0.9997	0.6811	0.6308	0.7306
2018-09-25	PA-07	Tim Silfies	L	house	FALSE	FALSE	0	0.0294	0.0087	0.0553
2018-09-25	MI-07	Tim Walberg	R	house	FALSE	TRUE	0.6118	0.5115	0.461	0.5617
2018-09-25	TX-15	Tim Westley	R	house	FALSE	FALSE	6e-4	0.324	0.268	0.3801
2018-09-25	CA-21	TJ Cox	D	house	FALSE	FALSE	0.362	0.4847	0.4278	0.5415
2018-09-25	IN-04	Tobi Beck	D	house	FALSE	FALSE	0.006	0.3925	0.3418	0.4432
2018-09-25	TX-02	Todd Litton	D	house	FALSE	FALSE	0.0888	0.4276	0.374	0.4808
2018-09-25	AR-04	Tom Canada	L	house	FALSE	FALSE	0	0.0402	0.0138	0.0727
2018-09-25	OK-04	Tom Cole	R	house	FALSE	TRUE	0.9998	0.6684	0.6171	0.7199
2018-09-25	MN-06	Tom Emmer	R	house	FALSE	TRUE	0.9985	0.6328	0.5836	0.6836
2018-09-25	IN-06	Tom Ferkinhoff	L	house	FALSE	FALSE	0	0.0389	0.013	0.0709
2018-09-25	GA-14	Tom Graves	R	house	FALSE	TRUE	1	0.7686	0.7196	0.8178
2018-09-25	IL-05	Tom Hanson	R	house	FALSE	FALSE	0	0.2522	0.2006	0.3042
2018-09-25	NY-06	Tom Hillgardner	G	house	FALSE	FALSE	2e-4	0.158	0.0921	0.23
2018-09-25	NJ-03	Tom MacArthur	R	house	FALSE	TRUE	0.3201	0.4705	0.4214	0.5195
2018-09-25	NJ-07	Tom Malinowski	D	house	FALSE	FALSE	0.5987	0.4945	0.4458	0.5435
2018-09-25	PA-12	Tom Marino	R	house	FALSE	TRUE	0.9996	0.6651	0.6139	0.7168
2018-09-25	CA-04	Tom McClintock	R	house	FALSE	TRUE	0.8544	0.5429	0.49	0.5959
2018-09-25	CT-01	Tom McCormick	G	house	FALSE	FALSE	0	0.028	0.0081	0.053
2018-09-25	AZ-01	Tom O'Halleran	D	house	FALSE	TRUE	0.977	0.5838	0.5323	0.6352
2018-09-25	WI-05	Tom Palzewicz	D	house	FALSE	FALSE	0.0144	0.4053	0.3531	0.4577
2018-09-25	NY-23	Tom Reed	R	house	FALSE	TRUE	0.9643	0.5747	0.523	0.6264
2018-09-25	SC-07	Tom Rice	R	house	FALSE	TRUE	0.9903	0.5982	0.5475	0.6485
2018-09-25	CA-29	Tony Cárdenas	D	house	FALSE	TRUE	1	0.8036	0.7491	0.8579
2018-09-25	MS-01	Tracella Lou O'Hara Hill	REF	house	FALSE	FALSE	0	0.0277	0.0079	0.0526
2018-09-25	MA-02	Tracy Lovvorn	R	house	FALSE	FALSE	0	0.2954	0.2426	0.3478
2018-09-25	NY-23	Tracy Mitrano	D	house	FALSE	FALSE	0.0357	0.4253	0.3736	0.477
2018-09-25	MI-05	Travis Wines	R	house	FALSE	FALSE	9e-4	0.3293	0.2745	0.3843
2018-09-25	MS-01	Trent Kelly	R	house	FALSE	TRUE	0.9992	0.6135	0.5643	0.6621
2018-09-25	IN-09	Trey Hollingsworth	R	house	FALSE	TRUE	0.7856	0.53	0.4797	0.5798
2018-09-25	OH-12	Troy Balderson	R	house	FALSE	TRUE	0.6771	0.5017	0.4573	0.5457
2018-09-25	IA-01	Troy Hageman	L	house	FALSE	FALSE	0	0.0293	0.0088	0.0548
2018-09-25	HI-02	Tulsi Gabbard	D	house	FALSE	TRUE	1	0.7887	0.73740000000000006	0.8405
2018-09-25	FL-10	Val Demings	D	house	FALSE	TRUE	1	1	1	1
2018-09-25	TX-03	Van Taylor	R	house	FALSE	FALSE	0.9915	0.5861	0.5316	0.6401
2018-09-25	TX-12	Vanessa Adia	D	house	FALSE	FALSE	1e-4	0.3093	0.2561	0.3622
2018-09-25	OH-08	Vanessa Enoch	D	house	FALSE	FALSE	1e-4	0.3321	0.2805	0.3831
2018-09-25	VA-01	Vangie Williams	D	house	FALSE	FALSE	0.0132	0.4094	0.3593	0.459
2018-09-25	FL-16	Vern Buchanan	R	house	FALSE	TRUE	0.8544	0.5361	0.4919	0.5811
2018-09-25	LA-03	Verone Thomas	D	house	FALSE	FALSE	1e-4	0.0665	0.0281	0.1099
2018-09-25	TX-16	Veronica Escobar	D	house	FALSE	FALSE	1	0.6958	0.6382	0.7525
2018-09-25	TX-15	Vicente Gonzalez	D	house	FALSE	TRUE	0.9994	0.648	0.5913	0.704
2018-09-25	KY-03	Vickie Glisson	R	house	FALSE	FALSE	0.0041	0.371	0.32	0.4217
2018-09-25	MO-04	Vicky Hartzler	R	house	FALSE	TRUE	0.9992	0.6234	0.5725	0.674
2018-09-25	NC-05	Virginia Foxx	R	house	FALSE	TRUE	0.9561	0.571	0.5186	0.6232
2018-09-25	FL-05	Virginia Fuller	R	house	FALSE	FALSE	0	0.303	0.2537	0.353
2018-09-25	NC-03	Walter B. Jones	R	house	FALSE	TRUE	1	1	1	1
2018-09-25	OH-08	Warren Davidson	R	house	FALSE	TRUE	0.9999	0.6679	0.6169	0.7195
2018-09-25	IN-07	"Wayne ""Gunny"" Harmon"	R	house	FALSE	FALSE	1e-4	0.3154	0.2657	0.3655
2018-09-25	FL-09	Wayne Liebnitzky	R	house	FALSE	FALSE	0.0011	0.3573	0.3066	0.4086
2018-09-25	AZ-01	Wendy Rogers	R	house	FALSE	FALSE	0.023	0.4162	0.3648	0.4677
2018-09-25	TX-23	Will Hurd	R	house	FALSE	TRUE	0.5134	0.4897	0.4356	0.5434
2018-09-25	MO-01	"William ""Lacy"" Clay Jr."	D	house	FALSE	TRUE	1	0.7622	0.7087	0.8144
2018-09-25	MD-05	William A. Devine III	R	house	FALSE	FALSE	0	0.2635	0.2124	0.3151
2018-09-25	MA-09	William Keating	D	house	FALSE	TRUE	0.9948	0.6179	0.5641	0.6717
2018-09-25	IN-08	William Tanoos	D	house	FALSE	FALSE	0.0059	0.392	0.3412	0.4429
2018-09-25	SC-04	William Timmons	R	house	FALSE	FALSE	0.9999	0.6519	0.5995	0.7042
2018-09-25	IL-17	William W. Fawell	R	house	FALSE	FALSE	6e-4	0.3512	0.3015	0.4009
2018-09-25	TX-33	Willie Billups	R	house	FALSE	FALSE	0	0.2352	0.1752	0.2957
2018-09-25	NM-02	Xochitl Torres Small	D	house	FALSE	FALSE	0.3379	0.4858	0.4414	0.53
2018-09-25	CA-39	Young Kim	R	house	FALSE	FALSE	0.6523	0.5134	0.4681	0.5587
2018-09-25	NY-09	Yvette D. Clarke	D	house	FALSE	TRUE	1	0.8305	0.7815	0.8795
2018-09-25	NM-02	Yvette Herrell	R	house	FALSE	FALSE	0.6621	0.5142	0.47	0.5586
2018-09-25	FL-03	Yvonne Hayes Hinson	D	house	FALSE	FALSE	0.0123	0.4047	0.3532	0.4562
2018-09-25	CA-19	Zoe Lofgren	D	house	FALSE	TRUE	1	0.8585	0.8148	0.9014
2018-10-04	MN-S1	Amy Klobuchar	D	senate	FALSE	TRUE	0.9987	0.6011	0.5547	0.6475
2018-10-04	AZ-S1	Angela Green	G	senate	FALSE	FALSE	0	0.021	0.0054	0.0408
2018-10-04	ME-S1	Angus S. King Jr.	D	senate	FALSE	TRUE	0.999	0.6258	0.5724	0.6794
2018-10-04	MD-S1	Benjamin L. Cardin	D	senate	FALSE	TRUE	0.9999	0.6628	0.609	0.7167
2018-10-04	VT-S1	Bernard Sanders	D	senate	FALSE	TRUE	1	0.6979	0.6428	0.753
2018-10-04	TX-S1	Beto O'Rourke	D	senate	FALSE	FALSE	0.2787	0.4722	0.4281	0.5161
2018-10-04	FL-S1	Bill Nelson	D	senate	FALSE	TRUE	0.6003	0.5084	0.4652	0.5516
2018-10-04	RI-S1	Bob Flanders	R	senate	FALSE	FALSE	0.0024	0.3516	0.2935	0.4097
2018-10-04	NJ-S1	Bob Hugin	R	senate	FALSE	FALSE	0.1011	0.4331	0.3798	0.4862
2018-10-04	NY-S1	Chele Farley	R	senate	FALSE	FALSE	2e-4	0.3354	0.2866	0.3837
2018-10-04	MS-S2	Chris McDaniel	R	senate	TRUE	FALSE	0.0197	0.2145	0.1525	0.2754
2018-10-04	CT-S1	Christopher Murphy	D	senate	FALSE	TRUE	0.9988	0.6181	0.5698	0.6669
2018-10-04	MS-S2	Cindy Hyde-Smith	R	senate	TRUE	FALSE	0.8384	0.3605	0.2945	0.4277
2018-10-04	MO-S1	Claire McCaskill	D	senate	FALSE	TRUE	0.5681	0.4921	0.4472	0.5371
2018-10-04	VA-S1	Corey Stewart	R	senate	FALSE	FALSE	0.017	0.4113	0.3646	0.4578
2018-10-04	MS-S1	David Baria	D	senate	FALSE	FALSE	0.0188	0.399	0.3467	0.4516
2018-10-04	NV-S1	Dean Heller	R	senate	FALSE	TRUE	0.4675	0.4835	0.4359	0.5303
2018-10-04	NE-S1	Deb Fischer	R	senate	FALSE	TRUE	0.9694	0.5564	0.5038	0.6089
2018-10-04	MI-S1	Debbie Stabenow	D	senate	FALSE	TRUE	0.9936	0.5772	0.5327	0.6219
2018-10-04	CA-S1	Dianne Feinstein	D	senate	FALSE	TRUE	0.9851	0.5973	0.5397	0.6546
2018-10-04	MA-S1	Elizabeth Warren	D	senate	FALSE	TRUE	0.999	0.6341	0.5768	0.6909
2018-10-04	ME-S1	Eric L. Brakey	R	senate	FALSE	FALSE	0.001	0.341	0.2874	0.3946
2018-10-04	NM-S1	Gary Johnson	L	senate	FALSE	FALSE	0.0031	0.2048	0.1395	0.2735
2018-10-04	WY-S1	Gary Trauner	D	senate	FALSE	FALSE	1e-4	0.2638	0.2035	0.3238
2018-10-04	MA-S1	Geoff Diehl	R	senate	FALSE	FALSE	0.001	0.3331	0.2766	0.39
2018-10-04	ND-S1	Heidi Heitkamp	D	senate	FALSE	TRUE	0.3123	0.4811	0.4297	0.5325
2018-10-04	NV-S1	Jacky Rosen	D	senate	FALSE	FALSE	0.5325	0.4882	0.4411	0.5353
2018-10-04	NE-S1	Jane Raybould	D	senate	FALSE	FALSE	0.0305	0.405	0.3524	0.4574
2018-10-04	UT-S1	Jenny Wilson	D	senate	FALSE	FALSE	6e-4	0.2826	0.2191	0.3451
2018-10-04	MN-S1	Jim Newberger	R	senate	FALSE	FALSE	0.0013	0.3689	0.322	0.415
2018-10-04	OH-S1	Jim Renacci	R	senate	FALSE	FALSE	0.0493	0.4428	0.3987	0.4863
2018-10-04	NE-S1	Jim Schultz	L	senate	FALSE	FALSE	0	0.0386	0.0132	0.0696
2018-10-04	IN-S1	Joe Donnelly	D	senate	FALSE	TRUE	0.7543	0.5123	0.4636	0.5605
2018-10-04	WV-S1	Joe Manchin III	D	senate	FALSE	TRUE	0.8802	0.5295	0.481	0.5776
2018-10-04	WY-S1	John Barrasso	R	senate	FALSE	TRUE	0.9999	0.6842	0.6241	0.7437
2018-10-04	MI-S1	John James	R	senate	FALSE	FALSE	0.0064	0.3988	0.3537	0.4429
2018-10-04	MT-S1	Jon Tester	D	senate	FALSE	TRUE	0.811	0.5197	0.4716	0.5676
2018-10-04	WY-S1	Joseph Porambo	L	senate	FALSE	FALSE	0	0.052	0.0206	0.0893
2018-10-04	MO-S1	Josh Hawley	R	senate	FALSE	FALSE	0.4319	0.4813	0.4361	0.5261
2018-10-04	MN-S2	Karin Housley	R	senate	TRUE	FALSE	0.1121	0.4334	0.3817	0.4849
2018-10-04	ND-S1	Kevin Cramer	R	senate	FALSE	FALSE	0.6877	0.5189	0.4675	0.5703
2018-10-04	CA-S1	Kevin de Leon	D	senate	FALSE	FALSE	0.0149	0.4027	0.3454	0.4603
2018-10-04	NY-S1	Kirsten E. Gillibrand	D	senate	FALSE	TRUE	0.9998	0.6646	0.6163	0.7134
2018-10-04	AZ-S1	Kyrsten Sinema	D	senate	FALSE	FALSE	0.6259	0.4999	0.4556	0.5439
2018-10-04	VT-S1	Lawrence Zupan	R	senate	FALSE	FALSE	0	0.2448	0.1891	0.3
2018-10-04	WI-S1	Leah Vukmir	R	senate	FALSE	FALSE	0.0324	0.4336	0.389	0.4783
2018-10-04	PA-S1	Lou Barletta	R	senate	FALSE	FALSE	0.0264	0.4215	0.376	0.467
2018-10-04	IN-S1	Lucy M. Brenton	L	senate	FALSE	FALSE	0	0.0248	0.0069	0.0474
2018-10-04	WA-S1	Maria Cantwell	D	senate	FALSE	TRUE	0.9936	0.6116	0.559	0.6644
2018-10-04	TN-S1	Marsha Blackburn	R	senate	FALSE	FALSE	0.6687	0.5	0.4473	0.5528
2018-10-04	AZ-S1	Martha McSally	R	senate	FALSE	FALSE	0.3741	0.4791	0.4345	0.5231
2018-10-04	NM-S1	Martin Heinrich	D	senate	FALSE	TRUE	0.9916	0.5062	0.4448	0.5675
2018-10-04	MT-S1	Matt Rosendale	R	senate	FALSE	FALSE	0.1889	0.4563	0.4083	0.504
2018-10-04	VA-S1	Matt Waters	L	senate	FALSE	FALSE	0	0.0208	0.0054	0.0403
2018-10-04	CT-S1	Matthew Corey	R	senate	FALSE	FALSE	0.0012	0.3602	0.3109	0.408
2018-10-04	HI-S1	Mazie K. Hirono	D	senate	FALSE	TRUE	1	0.7625	0.705	0.8207
2018-10-04	NM-S1	Mick Rich	R	senate	FALSE	FALSE	0.0052	0.289	0.2276	0.3494
2018-10-04	IN-S1	Mike Braun	R	senate	FALSE	FALSE	0.2456	0.4629	0.415	0.5109
2018-10-04	MS-S2	Mike Espy	D	senate	TRUE	FALSE	0.1419	0.3819	0.3058	0.4602
2018-10-04	UT-S1	Mitt Romney	R	senate	FALSE	FALSE	0.9994	0.5956	0.5324	0.6582
2018-10-04	TX-S1	Neal M. Dikeman	L	senate	FALSE	FALSE	0	0.0166	0.0039	0.0331
2018-10-04	WV-S1	Patrick Morrisey	R	senate	FALSE	FALSE	0.1198	0.4439	0.3952	0.4924
2018-10-04	TN-S1	Phil Bredesen	D	senate	FALSE	FALSE	0.3313	0.4664	0.4137	0.5187
2018-10-04	MT-S1	Rick Breckenridge	L	senate	FALSE	FALSE	0	0.024	0.0067	0.0462
2018-10-04	FL-S1	Rick Scott	R	senate	FALSE	FALSE	0.3997	0.4916	0.4484	0.5348
2018-10-04	DE-S1	Rob Arlett	R	senate	FALSE	FALSE	0.0018	0.3531	0.2999	0.406
2018-10-04	NJ-S1	Robert Menendez	D	senate	FALSE	TRUE	0.8989	0.5349	0.4816	0.5882
2018-10-04	PA-S1	Robert P. Casey Jr.	D	senate	FALSE	TRUE	0.9736	0.5593	0.5138	0.6045
2018-10-04	MS-S1	Roger F. Wicker	R	senate	FALSE	TRUE	0.9812	0.57	0.5172	0.6221
2018-10-04	HI-S1	Ron Curtis	R	senate	FALSE	FALSE	0	0.2375	0.1793	0.295
2018-10-04	WV-S1	Rusty Hollen	L	senate	FALSE	FALSE	0	0.0266	0.0078	0.0506
2018-10-04	RI-S1	Sheldon Whitehouse	D	senate	FALSE	TRUE	0.9976	0.6484	0.5903	0.7065
2018-10-04	OH-S1	Sherrod Brown	D	senate	FALSE	TRUE	0.9507	0.5572	0.5137	0.6013
2018-10-04	WA-S1	Susan Hutchison	R	senate	FALSE	FALSE	0.0064	0.3884	0.3356	0.441
2018-10-04	WI-S1	Tammy Baldwin	D	senate	FALSE	TRUE	0.9676	0.5664	0.5217	0.611
2018-10-04	TX-S1	Ted Cruz	R	senate	FALSE	TRUE	0.7213	0.5112	0.4673	0.5549
2018-10-04	DE-S1	Thomas R. Carper	D	senate	FALSE	TRUE	0.9982	0.6199	0.5668	0.6727
2018-10-04	VA-S1	Tim Kaine	D	senate	FALSE	TRUE	0.983	0.568	0.5212	0.6142
2018-10-04	MN-S2	Tina Smith	D	senate	TRUE	FALSE	0.8879	0.526	0.4743	0.5774
2018-10-04	MS-S2	Tobey Bartee	D	senate	TRUE	FALSE	1e-4	0.0431	0.0155	0.0755
2018-10-04	MD-S1	Tony Campbell	R	senate	FALSE	FALSE	1e-4	0.2843	0.2296	0.3371
2018-10-04	MA-S1	V. A. Shiva Ayyadurai	I	senate	FALSE	FALSE	0	0.0328	0.0104	0.0605
